ID,UNCode,CountryName,SDGI_Rank,SDGI_Score,GeometricRank,GeometricScore,UNReg,UnRegSub,SDGIRegion,SDG1_190DAY_im,SDG1_OECDPOV,SDG2_CRLYLD,SDG2_NUE,SDG2_OBESITY,SDG2_STUNTING,SDG2_UNDERNSH_im,SDG2_WASTING,SDG3_FERTILITY,SDG3_HALE,SDG3_MATMORT,SDG3_NEONAT,SDG3_PHYS,SDG3_SMOKE,SDG3_SWB,SDG3_TB,SDG3_TRAFFIC,SDG3_U5MORT,SDG3_VAC,SDG4_LITERACY,SDG4_PISA,SDG4_PRIMARY,SDG4_SCHLYRS,SDG4_TERTIARY,SDG4_UPSEC,SDG5_CONTRA,SDG5_EDAT,SDG5_LFPR,SDG5_PARL,SDG5_PAYGAP,SDG6_FRESHWAT,SDG6_IMPSAN,SDG6_IMPWAT,SDG7_CO2TWH,SDG7_ELECAC,SDG7_NSFUELAC,SDG7_REN,SDG8_ADJGROWTH,SDG8_ATMS,SDG8_CLABOR_im,SDG8_EMPOP,SDG8_UNEMP,SDG8_YNEET,SDG9_INFRQUAL,SDG9_INTUSE,SDG9_LOGPERF,SDG9_MOBUSE,SDG9_PATENTS,SDG9_RDRES,SDG9_RD_im,SDG10_GINI,SDG10_JUSTICE,SDG10_PALMA,SDG11_PIPEDWAT,SDG11_PM25,SDG11_ROOMS,SDG12_MSW,SDG12_MSWRECYCL,SDG12_WASTEWAT,SDG13_CCVM,SDG13_CO2pCAP,SDG14_BIODIV,SDG14_CLEANWAT,SDG14_CPMA,SDG14_FISH,SDG14_FISHSTOCKS,SDG15_CPTA,SDG15_FORCHG,SDG15_REDLIST,SDG16_CPI,SDG16_GOVEFF,SDG16_HOMICIDE,SDG16_PRISON,SDG16_PRS,SDG16_SAFE,SDG16_U5REG,SDG17_GOVREV,SDG17_GOVSPD,SDG17_ODA
SWE,752,Sweden,1,84.53,1,83.67,Europe,Northern Europe,OECD,0,9,5.649600029,0.520715797,20.5,,1.169999957,,5.1,72,4,1.6,3.926,10.7,7.363999844,7.5,2.8,3,97,,482,99.34418,15.81512,35.17,9.13,22.71325797,102.3679812,92.50334846,43.59999847,15.13,1.546,99.30000305,100,0.245098039,100,95,35.6,-0.468574518,40.24318317,0,71.84120329,7.356030464,9.448,5.56168364,92.52,4.09375,108.7,323.1202393,14.07455121,3.406219959,25,7.48,0.96,100,7.315244675,1.7,1.61,1.078699946,87.85714286,0.03,5.51842165,94.44,88.02,30,72,,32,10.6631912,0.992151354,89,4.957010676,0.7,67,5.9280581,76.82317352,100,,19.93593597,1.405
DNK,208,Denmark,2,83.88,2,83.07,Europe,Northern Europe,OECD,0,6,6.604899883,0.382619488,19.3,,1.169999957,,2.4,70,6,2.5,3.485,17,7.52699995,7.1,3.5,3.5,90,,498,98.22179,18.68933,33.7,19.73,17.85714286,101.1982649,87.49999569,37.40000153,7,10.62,99.59999847,100,1.11815562,100,95,24.4,-1.288447795,54.28569379,0,69.9924995,6.312821388,10.737,5.848746066,95.99,3.816178,103.8,203.9827728,14.70068716,2.984159946,24.89999962,7.06,0.87,100,11.40544605,1.9,2.34,1.684800029,93.45,0.08,7.248328686,93.18,89.26,71.73913043,64,88.93,74.56140351,8.853711793,0.975348389,91,4.202773903,0.8,73,5.735806213,85.20045611,100,,22.35310936,0.847
NOR,578,Norway,3,82.31,3,81.12,Europe,Northern Europe,OECD,0,8,4.311999798,0.829439185,23.1,,1.169999957,,5,71,5,1.5,4.281,15,7.521999836,8.1,3.8,2.599999905,93,,496,99.71095,17.49259,38.05,16.17,15.36322558,101.0519605,94.01197061,39.59999847,6.4070001,0.7478,98.09999847,100,0.264023934,100,95,46.9,-0.399588851,48.6231152,0,73.77150637,4.1479249,8.467,5.045010016,96.3,4.191941,86.7,135.7977142,10.68875137,1.654739976,25.79000092,,0.85,100,6.035745144,2,2.8,2.155999899,77.05334267,0.04,9.192878723,91.36,83.46,41.17647059,67,3.81,35.55555556,3.585486526,0.952146046,87,5.096433424,2.2,72,5.988531702,89.63102288,100,,17.78059196,1.046
FIN,246,Finland,4,81.00,5,79.79,Europe,Northern Europe,OECD,0,7,3.689699888,0.580450328,20.6,,1.169999957,,7.3,71,3,1.3,2.905,15.8,7.406000137,5.6,4.8,2.299999952,97,,529.333313,99.05206,17.06943,39.31,9.84,12.34377675,100.591133,88.65814913,41.5,18.726,5.965,97.59999847,100,0.690042076,100,95,29.1,-2.03087097,35.86609314,0,68.16091954,9.624235153,12.967,6.21140182,92.38,3.518235,123.5,300.105072,15.32143286,3.548229933,26.87999916,7.13,0.91,100,7.03287077,1.9,2.13,1.725299954,84.25,0.03,10.16404629,98.26,84.97,6.060606061,70,1.98,20.45454545,10.47805137,0.989589661,90,5.320377733,1.6,58,6.423800664,85.77168718,100,,19.70843124,0.56
CHE,756,Switzerland,5,80.87,4,80.24,Europe,Western Europe,OECD,0,10,6.727099895,0.651261323,19.4,,1.169999957,,2,72,5,2.7,4.049,20.4,7.586999893,6.3,3.3,3.900000095,93,,518.333313,93.37542,15.79043,35.2,10.93,12.72158498,87.78625954,83.46666463,32,16.509001,3.707,99.90000153,100,0.603197674,100,95,20.5,-0.7535817,97.52859429,0,73.62934054,4.252133846,9.892,6.47243596,87,4.043594,63.4,318.0307312,7.527749046,2.870460033,33.68000031,,1.04,100,17.59880638,1.8,2.61,1.722599983,96.95,0.02,4.625229836,,,,,,16.12903226,1.559001433,0.981241255,86,5.27318957,0.6,82,6.334343704,87.42669802,100,,19.61362076,0.523
DEU,276,Germany,6,80.52,6,79.60,Europe,Western Europe,OECD,0,9,8.050299644,0.450087894,20.1,1.3,1.169999957,1,7.8,71,6,2.1,3.889,20.9,6.75,6.2,4.3,3.700000048,96,,515.333313,97.71862,16.45695,27.56,13.22,19.42771084,93.96721094,82.65459535,36.5,13.818,21.43,99.19999695,100,1.21071087,100,95,10.7,-0.03872691,118.1869095,0,67.95582179,4.606500626,9.173,5.874393036,86.19,4.323295,44.7,218.4440765,8.421890734,2.919100046,28.30999947,6.55,1.07,100,15.34586334,1.8,2.11,1.118299961,95.18054,0.03,8.917832375,91.55,79.21,30,64,65.98,33.20754717,4.120706594,0.982941581,81,4.728817911,0.8,79,5.811961311,74.60059456,100,,19.19581985,0.518
AUT,40,Austria,7,79.07,7,77.94,Europe,Western Europe,OECD,0,8,7.245999813,0.332474126,18.4,,1.169999957,,7.9,71,4,2.1,,23.2,7.199999809,7.8,5.4,3.5,76,,500.6666565,98.20382534,15.74653,19.34,11.82,15.89327146,82.87292816,83.28312947,30.60000038,18.184999,4.704,100,100,1.009302326,100,95,29.5,-0.934076365,119.4389744,0,67.26728309,5.676161766,11.552,6.048092467,81,3.63611,64.3,162.9232941,9.606532567,2.836390018,29.14999962,6.61,0.96,100,14.84837341,1.6,2.4,1.84800005,79.05,0.02,7.769983292,,,,,,9.090909091,4.98615005,0.896044009,76,4.312938023,0.9,98,5.886311194,81.18695181,100,,19.66628075,0.323
NLD,528,Netherlands,8,78.94,8,77.50,Europe,Western Europe,OECD,0,8,9.073699951,0.749636017,19.8,,1.169999957,,4.5,71,7,2.4,,18.5,7.377999783,5.8,3.4,3.799999952,96,,518.666687,96.96336,17.92333,32.08,18.19,16.35916359,95.3985717,82.76835586,37.29999924,,11.71,97.69999695,100,1.548067393,100,95,4.3,-1.161795799,50.57684678,0,70.39694623,6.075369835,9.221,6.311317348,93.17,4.229527,62.3,206.3767548,8.643540451,2.156759977,30.89999962,6.96,0.99,100,16.84065628,2,2.12,1.611199975,98.81818182,0.22,10.06448936,85.31,78.45,45.45454545,62,69.18,39.80582524,2.876172675,0.94638359,87,4.944898864,0.9,82,6.00721935,80.51218919,100,,20.97303963,0.76
ISL,352,Iceland,9,78.41,15,75.19,Europe,Northern Europe,OECD,0,6,,0.466636103,22.8,,1.169999957,,7.1,72,3,0.9,3.476,11.4,7.56099987,3.3,4.6,2,90,,484.6666565,98.05362,18.97689,33.86,25.34,,103.7608486,91.92399564,41.29999924,,0.0971,98.80000305,100,0.110497238,100,95,84.7,0.384891691,71.52865079,0,78.50612115,4.374475479,8.836,5.982592921,98.16,3.342209,74.7,99.82019806,11.14979989,2.604870081,25.70000076,,0.87,100,7.183451653,1.5,1.56,0.982800007,51.94285714,0.05,5.896829128,79.16,87.18,0,59,44.67,0,,0.882336643,79,4.613276837,0.3,47,5.495763859,78.12902502,100,,19.02376556,0.241
GBR,826,United Kingdom,10,78.14,10,76.73,Europe,Northern Europe,OECD,0,10,7.70720005,0.494974882,28.1,,1.169999957,,19.3,71,9,2.4,2.809,20,6.867000103,12,2.9,4.199999809,93,,502.3333435,99.90975,16.18306,39.41,15.68,7.425742574,98.33838682,83.09038086,29.39999962,17.784,7.231,99.19999695,100,1.259332024,100,95,4.5,-0.543698551,129.7634366,0,65.68368263,5.47371912,14.401,5.312448762,91.61,4.158261,87.2,87.83065033,8.904954427,1.721079946,35.97000122,5.94,1.37,100,10.80529881,1.9,1.85,1.350499988,97.927095,0.05,7.085731983,82.68,87.79,29.19254658,71,70.84947802,27.87878788,8.739122486,0.786703752,81,4.823960274,1,147,6.286663856,77.84268838,100,,16.87210846,0.712
FRA,250,France,11,77.90,9,76.75,Europe,Western Europe,OECD,0,8,5.828999996,0.373943934,23.9,,1.169999957,,6.2,72,8,2.2,3.19,24.1,6.574999809,8.7,5.1,4.300000191,90,,499.6666565,98.4709,16.00167,29.76,16.7,10.18135085,96.75374495,84.77905161,26.20000076,13.673,15.49,98.69999695,100,0.556221361,100,95,7.9,-1.292381455,108.048267,0,59.98338807,10.55459785,16.252,5.949722827,83.75,3.982774,56.9,116.2457581,9.875243786,2.262639999,30.60000038,6.12,1.18,100,14.02274323,1.8,1.92,1.516800046,83.79913333,0.03,5.185043335,85.36,69.35,30,67,20.00832813,29.45454545,4.86343673,0.879046626,70,3.886942956,1,98,5.555236944,70.60778568,100,,19.59972954,0.373
BEL,56,Belgium,12,77.43,11,76.13,Europe,Western Europe,OECD,0,10,9.538999557,,20.2,,1.169999957,,7.2,71,7,2.2,3.782,18.9,6.936999798,9,6.7,4.099999905,96,,509.6666565,98.30414,16.33158,34.61,18.11,13.49480969,95.64428312,81.24999638,39.29999924,6.4109998,33.73,99.5,100,1.085261876,100,95,5.1,-1.515349231,93.90762454,0,56.77302246,8.738529205,15.015,5.407653491,85,4.098801,46,107.2393951,10.30483811,2.236210108,32.97000122,6.16,0.9,100,18.52928162,2.2,1.33,0.877799988,60.00445643,0.06,8.849398613,92.83,77.4,0,63,,16.21621622,7.697866733,0.985152275,77,3.925032421,1.6,108,5.431063775,69.62822969,100,,19.97121048,0.419
CAN,124,Canada,13,76.85,14,75.26,North America,Northern America,OECD,0,12,3.669500113,0.443438511,28,0,1.169999957,0,12.6,72,7,3.2,2.068,14.9,7.427000046,5.2,6,4.900000095,95,,522,99.09672,15.875,51.32,7.51,12.53302025,100.6384677,87.25212437,26,19.511,1.337,99.80000305,99.80000305,0.822798404,100,95,17.9,-0.49810787,222.2742686,0,69.18403964,6.882852077,13.393,5.363631861,87.12,4.054256,50,86.69746399,8.822073861,1.727970004,32.56000137,,1.18,100,12.13732529,2.5,2.33,1.910599947,80.41994883,0.03,14.13581371,91.49,92.53,3.50877193,60,40.67,2.317880795,7.325779228,0.970609267,83,4.702926362,1.6,118,6.004477708,81.68397781,100,,17.86112976,0.28
IRL,372,Ireland,14,76.75,12,75.42,Europe,Northern Europe,OECD,0,9,8.473799706,0.441578192,25.6,,1.169999957,,9.2,71,8,2.3,2.67,24,6.940000057,7.4,4.1,3.599999905,93,,515.333313,95.31688,18.56885,37.72,15,20.26170517,103.0125523,77.81065039,16.29999924,8.3280001,1.456,90.5,97.90000153,1.333333333,100,95,6.1,1.631313511,84.76546607,0,55.23343128,9.542251587,18.035,4.936901067,79.69,3.84,67.2,80.35076141,9.114201763,1.723819971,34.27999878,5.1,1.1,97.8976859,7.928649902,2.1,3.58,2.362799883,87.46558333,0.04,7.880759239,81.71,89.98,58.2278481,74,67.79,66.93548387,10.09727647,0.951886261,75,4.718019342,1.2,88,6.071829721,77.03797222,100,,16.80030441,0.358
CZE,203,Czech Republic,15,76.73,17,73.62,Europe,Eastern Europe,OECD,0,6,6.219900131,0.438912773,26.8,2.6,1.169999957,4.6,11.1,69,4,1.8,,22.2,6.505000114,4.6,6.1,3.400000095,99,,500,98.61911815,16.39,18.25,5.74,18.24134705,96.99274552,74.63343666,20,15.387,14,99.09999847,100,1.172853828,100,95,7.5,-0.936870259,49.79900876,0,58.24724544,5.173547745,12.49,4.856403036,79.71,3.28524,52.3,20.35546875,7.053890094,1.881479979,25.60000038,6.63,0.87,100,16.55100822,1.4,1.1,0.869000018,75.68236485,0.02,10.43108845,,,,,,45,5.951279189,0.969802354,56,3.681881098,1,154,4.41240706,70.12103799,100,,13.63262844,0.12
LUX,442,Luxembourg,16,76.66,13,75.38,Europe,Western Europe,OECD,0,7,5.935500145,0.718632546,23.1,,1.169999957,,6.4,72,10,0.9,2.9,15.7,6.946000099,6.6,8.7,1.899999976,99,,489.6666565,92.33034,13.88,37.03,16.62,,94.00674148,79.94011839,28.29999924,,1.286,97.59999847,100,5.444444444,100,95,3.2,0.223214583,106.2910879,0,59.02884403,5.863007069,8.212,5.600799034,94.67,3.909091,80.5,122.4400024,6.43983822,1.44066,30.76000023,6.54,1.11,100,14.79889584,2,2.31,1.663200021,95,0.01,20.89781189,,,,,,0,5.066814794,0.986077128,81,5.138307522,0.8,122,6.232936265,70.61564805,100,,,0.928
SVN,705,Slovenia,17,76.62,16,74.82,Europe,Southern Europe,OECD,0,9,6.489500046,0.755810553,25.1,,1.169999957,,4.6,69,9,1.4,,20.5,5.84800005,7.7,6.4,2.599999905,94,99.85276,498.6666565,97.18981,16.80578,25.09,6,22.26540811,97.95656197,82.46445718,36.70000076,,2.933,99.09999847,99.5,0.905063291,100,95,13.9,-1.705379631,95.79507762,0,60.54215259,9.344601631,13.663,4.851739174,71.59,3.349875,41.8,59.69078064,9.223321859,2.799520016,31.14999962,6.34,0.84,99.2624913,13.61826611,1.5,1.21,0.592899978,53.99189621,0.02,7.504259586,90.51,79.4,75,87,,31.42857143,1.550918127,0.936966317,60,2.946271654,0.7,66,4.324240645,83.89536731,100,,17.63988304,0.147
JPN,392,Japan,18,74.96,19,72.80,Asia,Eastern Asia,OECD,0,16,6.080299854,0.633386238,3.3,7.1,1.169999957,2.3,4.4,75,5,0.9,2.297,19.3,5.986999989,18,4.7,2.700000048,98,,540.333313,99.95,15.32633,46.4,0,30.39742213,97.00598802,69.88636321,9.5,26.524,18.89,100,100,1.189311507,100,95,4.2,-1.083812731,127.4960674,0,60.69639279,3.294842243,6.583,6.154918738,90.58,4.155425,120.5,343.0966797,10.46590401,3.388070107,32.09999847,,1.3,98.6921711,16.03056908,1.8,1.71,1.385100007,71.26,0.07,9.291833878,90.42,63.73,34.7826087,29,51.11467101,25.96899225,1.791757311,0.788184564,75,4.634031911,0.3,51,6.180590823,70.24105267,100,,17.53681946,0.216
SGP,702,Singapore,19,74.61,28,70.29,Asia,South-Eastern Asia,East & South Asia,0,,,1.10698532,6.2,4.4,1.169999957,3.6,2.7,76,10,1,1.95,,6.797999859,49,3.6,2.700000048,95,99.84585742,,100,15.4,,,25.16778523,92.58920403,76.64907142,23.89999962,,,100,100,0.970833333,100,95,,1.472378867,59.32291633,0,,3.270637274,,6.387624349,82,4.278593,149.3,,,2.096519947,,,,100,16.681427,,1.49,,99.65,0.06,4.320161343,82.39,44.93,0,80,,0,4.906385429,0.866364526,85,5.766091678,0.2,230,6.2682947,92.30501378,,,9.586737633,
AUS,36,Australia,20,74.53,20,71.93,Oceania,Australia and New Zealand,OECD,0,14,2.137199879,0.721789159,28.6,2,1.169999957,0,14.2,73,6,2.2,3.273,12.8,7.28399992,6.4,5.4,3.799999952,92,,512.333313,97.39669,20.22107,38.34,15.57,16.91521091,101.6590942,82.53520912,26.70000076,13.75,3.165,100,100,1.561044177,100,95,4.6,-0.455872405,160.7520453,0,66.55348268,6.25293541,12.647,4.856801695,84.56,3.99996,110.5,73.60876465,8.981539619,2.385620117,32.59999847,,1.23,,5.929150581,2.3,2.23,1.315700054,92.33333333,0.15,16.51921082,90.46,75.64,33.61344538,57,62.06481518,23.27868852,7.570441564,0.830985386,79,4.25568066,1.1,130,5.875487392,62.64287463,100,,16.49473381,0.269
EST,233,Estonia,21,74.48,18,73.10,Europe,Northern Europe,OECD,0,12,3.66960001,0.687392169,22.6,,1.169999957,,15.6,67,9,1.5,3.242,26,5.428999901,20,7,2.900000095,93,99.9489011,526,94.80439,16.48454,36.75,14.18,23.19223986,104.4371405,79.24527905,23.79999924,,12.73,97.19999695,99.59999847,1.421052632,100,88.75255,14.5,1.478681932,76.81975404,0,64.59078738,5.92642498,14.611,5.044463996,84.24,3.338095,77.4,13.25830078,7.110487201,2.181910038,36,6.19,1.23,99.9698138,9.094014168,1.5,1.47,1.175999999,75.2707438,0.04,14.04988289,97.47,72.86,62.5,75,40.65638399,45.16129032,9.679900813,0.985188653,70,4.401768271,5,238,5.37103539,67.2163803,100,,13.06250477,
NZL,554,New Zealand,22,74.04,22,71.18,Oceania,Australia and New Zealand,OECD,0,10,8.053700447,0.849971677,29.2,,1.169999957,,19.1,72,11,3.1,2.735,15.5,7.285999775,7.4,6,5.699999809,93,,509.3333435,97.85671,19.15634,39.33,19.6,16.08945181,99.17157878,85.50335673,31.39999962,6.1739998,1.591,,100,0.709006928,100,95,38.3,-0.622331953,70.73822573,0,66.98094148,5.922319889,12.937,4.959586191,85.5,3.671443,81.3,72.59886169,7.873669394,1.270900011,33.29999924,,1.22,100,8.64298439,2.4,3.68,,77.9,0.06,7.124051094,84.64,77.46,44.44444444,49,68.17,28,7.534801558,0.636596155,88,5.228212773,0.9,192,6.096499301,64.42096746,100,,18.36410332,0.269
BLR,112,Belarus,23,73.50,24,70.47,Europe,Eastern Europe,Europe & C. Asia,0,,3.720499992,0.834120808,23.4,4.5,,2.2,21.6,62,4,1.9,3.925,,5.813000202,58,13.7,4.599999905,97,99.82321348,,,15.66023,,,28.98989899,98.09353698,,27.29999924,,2.674,94.30000305,99.69999695,1.847619048,100,95,,-1.831708888,50.98907782,1.399999976,,6.097490311,,,59.02,2.554074,,,,0.700600028,26.47999954,,,97.6425878,13.60368156,,0.78,,86.44569583,0.02,6.682510376,,,,,,0,5.19355998,0.967568571,32,,5.1,335,,57.91382016,100,41.952,11.88961601,
HUN,348,Hungary,24,73.37,21,71.52,Europe,Eastern Europe,OECD,0,7,5.896999836,0.357902589,24,,1.169999957,,19.8,65,17,3.5,3.08,26.5,4.800000191,12,7.7,5.900000095,99,99.38648,486.3333435,90.81154,15.38815,21.12,12.69,17.34234234,92.47904209,75.12116131,10.10000038,11.332,4.857,98,100,1.303630363,100,95,8,-0.437266488,58.03842307,0,52.10416916,6.956402302,17.478,4.726036952,76.13,3.179665,26.3,22.78860855,6.191347183,1.296640038,31.18000031,4.44,1.04,97.6744423,15.75563145,1.1,1.92,1.516800046,58.61916667,0.02,4.862989902,,,,,,22.22222222,6.590979021,0.928094205,51,2.902592433,1.3,186,3.449497759,53.19773334,100,,14.05612373,
USA,840,United States,25,72.71,23,70.53,North America,Northern America,OECD,0,17,7.637399673,0.320489266,33.7,2.1,1.169999957,0.5,26.6,69,14,3.6,2.452,13.7,7.118999958,3.1,10.6,6.5,91,,492,91.39251,16.48,42.44,10.95,15.21598968,100.6340795,82.36994583,19.39999962,19.087,13.64,100,99.19999695,1.194266253,100,95,6.3,0.000330022,173.0834853,0,62.19449133,5.343397617,15.047,5.762809642,87.36,4.184653,98,161.8701935,8.739647668,2.791970015,40.81000137,,1.74,99.0173801,10.74511147,2.4,2.3,1.702000022,63.665,0.04,17.02021599,79.69,84.77,18.18181818,53,51.63318232,10.59322034,10.36109263,0.839622794,76,4.263459752,4.7,716,5.544937197,73.87092712,100,,25.1156292,0.173
SVK,703,Slovak Republic,26,72.70,31,69.05,Europe,Eastern Europe,OECD,0,8,6.038700104,0.446284749,25.7,,1.169999957,,21.2,67,6,4.2,3.32,19.5,5.994999886,6.7,6.6,7.300000191,97,,472,94.46968372,15.06322,18.76,5.89,26.22377622,100.5465429,74.92668733,18.70000076,15.965,1.373,98.80000305,100,1.136842105,100,95,7.6,0.098209602,58.84848828,0,52.71452568,11.34083652,18.712,4.495504701,79.98,3.218518,50.1,8.213795662,6.631224448,0.823149979,26,5.16,0.82,95.8697894,15.93878078,1.1,1.37,1.32889998,57.63513333,0.02,6.367546082,,,,,,5,5.915725085,0.961716927,51,2.636217896,1.4,187,3.999585625,62.12690723,100,,13.09399796,0.102
KOR,410,"Korea, Rep.",27,72.67,30,69.06,Asia,Eastern Asia,OECD,0,15,6.61920023,0.583413402,5.8,2.5,5,1.2,1.7,73,11,1.6,2.143,19.9,5.984000206,86,12,3.400000095,99,,542.666687,97.68771,16.87441,40.4,2,18.2300885,87.8644602,69.32432329,16.29999924,36.299,41.89,100,97.59999847,1.063766499,100,95,0.7,0.45923435,290.6606232,0,53.48226388,3.656515837,18.049,5.559459186,84.33,3.791016,105.3,223.2727814,13.4949814,4.039189816,30.70000076,,1.13,99.1869058,29.08259773,1.4,1.24,0.520799994,83.68,0.04,11.84075642,87.49,46.68,7.142857143,2,20.42,6.451612903,2.686883141,0.781620535,56,3.379812899,0.9,99,4.584166741,67.66405206,,,16.07611656,0.138
LVA,428,Latvia,28,72.49,26,70.40,Europe,Northern Europe,Europe & C. Asia,0,,3.486000061,0.630264739,23.7,,1.169999957,,15.3,65,18,5.2,3.579,,5.09800005,49,10,7.900000095,92,99.83543131,494,96.49659,15.24266,,,24.6260069,105.1894505,80.30075417,18,,1.146,87.80000305,99.30000305,1.112903226,100,94.77204,,2.259211356,63.20170456,0,,9.812847137,,4.844122062,75.83,3.029151,62.1,,,0.658510029,34.81000137,4.7,,96.9621167,12.02107334,,1.03,,49.625,0.1,3.786801338,90.73,83.28,75,77,,50.76923077,13.17843089,0.987943851,55,3.456399357,4.7,304,4.718664281,61.60385342,100,,11.30619621,
ISR,376,Israel,29,72.29,25,70.46,Asia,Western Asia,OECD,0,21,4.448299885,0.858174194,25.3,,1.169999957,,10.2,72,5,2.1,3.344,16.2,7.277999878,5.8,3.6,4,94,99.54979369,474,96.8635,15.95261,46.39,10.27,32.66932271,99.75415363,85.17985721,26.70000076,,79.72,100,100,1.138564274,100,95,4.8,-0.711999089,126.1091054,0,62.3604009,4.999623299,13.846,4.290322507,71.45,3.112302,53,242.0220032,17.37848548,3.926270008,39.20000076,,1.55,100,25.77975655,1.2,2.12,,88.40317333,0.05,8.952413559,91.89,72.14,,52,,4.166666667,7.381373982,0.747424418,61,3.748201607,1.8,223,5.05368673,66.3003489,100,,16.80116844,
ESP,724,Spain,30,72.21,33,68.93,Europe,Southern Europe,OECD,0,15,3.253200054,0.815157242,23.7,,1.169999957,,8.4,73,5,2.8,4.949,23.9,6.328999996,12,3.7,4.099999905,96,99.67277802,489.3333435,98.44178,17.34512,31.57,35.19,19.8341396,95.32734458,81.69230534,41.09999847,8.6479998,29.55,99.90000153,100,0.843895453,100,95,11.9,-1.966509512,119.6278735,0,51.25922637,22.44203186,25.85,5.73261553,76.19,3.773806,66.8,37.06134033,6.801162396,1.301419973,34.65999985,4.85,1.28,100,11.65039253,1.9,2.13,1.703999996,92.8272,0.07,5.790764332,78.56,74.42,20.77922078,56,42.41223339,7.712765957,6.837368771,0.848106159,58,3.216561508,0.8,147,4.338771224,81.6072441,100,,15.15919971,0.134
LTU,440,Lithuania,31,72.10,29,70.25,Europe,Northern Europe,Europe & C. Asia,0,,3.975199938,0.440801679,25.9,,1.169999957,,13.9,65,10,2.5,4.116,,5.833000183,62,10.6,5.199999809,93,99.85580122,484,95.26369,16.38875,,,30.52772211,98.9564032,82.79570321,23.39999962,,9.686,92.40000153,96.59999847,2.547619048,100,93.0914,,2.391439712,51.69088142,0,,9.477295876,,4.945202681,72.13,3.184799,48.2,,,0.901660025,37.56999969,5.37,,99.3410052,13.75208187,,1.1,,45.82,0.03,4.537558556,92.51,70.74,42.85714286,79,,62.96296296,9.051156665,0.988091934,61,3.446601478,6.7,329,4.286606276,52.78141196,100,,12.31145668,
MLT,470,Malta,32,71.95,27,70.37,Europe,Southern Europe,Europe & C. Asia,0,,5.193700314,0.781760281,26.6,,1.169999957,,13.1,71,9,4.4,3.486,,6.302000046,12,5.1,6.400000095,98,98.26503038,,95.0817,14.40634,,,30.02257336,91.9412357,61.52694101,12.89999962,,67.33,100,100,1,100,95,,0.963387095,56.28187087,0,,5.401135921,,4.4119622,73.17,3.076923,56.8,,,0.842410028,,5.5,,100,14.08855057,,1.78,,37.01454545,,6.034321785,87.26,82.09,25,79,6.55,36.36363636,10.29715496,0.8823839,56,3.889380342,2.8,145,4.930357302,76.59815027,100,,17.51010132,
BGR,100,Bulgaria,33,71.80,32,69.03,Europe,Eastern Europe,Europe & C. Asia,2.029999971,,4.86070013,0.653439179,23.2,8.8,,3.2,40.8,65,11,5.6,3.866,,4.217999935,27,8.3,10.39999962,88,97.86505416,440.3333435,95.04703,14.35479,,,40.81364829,101.0600707,80.86522414,20.39999962,,28.73,86,99.40000153,0.911832947,100,93.0914,,-0.50401553,90.7152512,,,9.760795593,,3.697763476,55.49,2.9375,58.1,,,0.639240026,28.19000053,3.75,,99.1412152,15.93315506,,1.28,,28.86,0.02,6.714382648,92.35,70.96,83.33333333,88,,87.17948718,2.076411188,0.940300597,41,2.978547758,1.9,151,3.596488904,53.79373725,100,34.547,12.08643818,
PRT,620,Portugal,34,71.49,36,68.17,Europe,Southern Europe,OECD,0,11,4.437900066,1.089578778,20.1,,1.169999957,,10.5,71,10,2,4.1,18.6,5.102000237,25,7.8,3.599999905,98,99.4351159,488,95.70251,16.31495,17.25,44.29,15.84158416,96.70457891,83.41085153,34.79999924,16.315001,11.82,99.69999695,100,0.889108911,100,95,21.2,-2.805886241,177.6906379,3.400000095,58.71091437,12.10665035,17.697,5.711661625,64.59,3.372114,36.7,13.43632984,8.513231275,1.495329976,33.79999924,5.03,1.36,100,9.895741463,1.6,2.21,1.922700047,70.33058163,0.03,4.709849834,88.28,84.42,22.44897959,57,44.7532491,27.77777778,24.61127157,0.84354049,63,3.228849265,1.2,136,4.696352843,69.15524709,100,,16.47668266,0.156
ITA,380,Italy,35,70.90,35,68.27,Europe,Southern Europe,OECD,0,13,5.709000111,0.59132995,21,,1.169999957,,5.8,73,4,2.1,3.764,21.1,5.947999954,6,6.1,3.5,86,99.91783,489.6666565,96.3555,16.04201,14.93,28.66,35.56485356,93.88379208,68.31345478,31,11.111,28.1,99.5,100,1.174713442,100,95,13.2,-3.004761623,91.85098876,0,47.75248776,12.11820412,27.713,4.109665395,61.96,3.775923,61.4,53.57420349,4.929170672,1.26572001,36.02999878,4.7,1.24,99.9223428,18.33734512,1.4,2.23,1.650200009,91.43759552,0.04,6.702557564,87.04,67.36,19.11764706,65,68.34869454,21.07023411,1.949068679,0.914231332,44,2.201114318,0.9,106,4.053781218,59.31791455,100,,14.65153694,0.212
HRV,191,Croatia,36,70.71,34,68.49,Europe,Southern Europe,Europe & C. Asia,0,,6.038499832,0.606973401,23.3,,1.169999957,,11.8,68,8,2.6,,,5.758999825,12,9.2,4.300000191,94,99.72362529,482.3333435,89.31544,14.80786,,,44.49877751,90.59752159,78.77758968,15.19999981,,0.5958,97,99.59999847,1.203007519,100,92.4933,,-2.179803946,116.8194345,0,,16.10522461,,4.5868982,68.57,2.922822,65.3,,,0.751640022,33.65000153,4.74,,99.6188761,13.93207836,,0.29,,13.23291786,0.03,4.801529884,89.45,69.54,36.36363636,69,7.94,27.11864407,1.925533505,0.899205178,51,2.492664975,1.2,108,3.793499723,68.50494225,,,12.26159573,
GRC,300,Greece,37,69.90,37,66.40,Europe,Southern Europe,OECD,0,14,4.745700359,0.58592187,22.9,,1.169999957,,8.3,71,3,2.9,,38.9,4.856999874,4.8,9.1,4.599999905,97,99.3781,465.6666565,99.75156,17.628,26.05,19.88,41.26213592,93.78495167,73.37770315,19.70000076,6.8530002,13.89,99,100,1.206654991,100,95,8.7,-5.416907013,59.08688711,0,41.88589576,24.91566086,28.306,4.323827776,63.21,3.166275,36.1,10.31761074,7.493557267,0.690379977,34.27000046,3.57,1.34,100,15.36530781,1.2,2,1.679999948,87.33333333,0.05,7.568519115,90.38,77.12,34.93975904,64,42.89209807,40.66390041,4.039635269,0.847691314,46,2.762990227,1.7,111,4.011500947,62.51853679,100,,14.60344601,0.145
POL,616,Poland,38,69.81,38,65.92,Europe,Eastern Europe,OECD,0,11,4.268000126,0.65700282,25.2,,1.169999957,,14,67,3,3.1,2.219,23.8,5.790999889,21,10.3,5.199999809,98,99.99996,520.666687,96.83537,15.46559,23.72,5.93,39.27710843,98.60968511,74.96136366,27.39999962,10.62,18.96,97.19999695,98.30000305,1.782926829,100,95,8.8,0.447443109,63.58095676,0,53.13237669,7.363407135,15.841,4.102319517,66.6,3.083333,54.9,9.546833992,5.001392156,0.899720013,32.72999954,5.36,1.09,99.0905077,16.98188972,1.1,0.88,0.739199996,60.72727273,0.03,8.335786819,82.03,64.09,36.36363636,76,92.48,36.68639053,6.335274343,0.967672415,62,3.199944642,1.2,217,4.297182542,66.08293484,100,,12.50493431,0.096
SRB,688,Serbia,39,68.30,39,65.11,Europe,Southern Europe,Europe & C. Asia,0.100000001,,5.965899944,0.545843081,19.5,6,,3.9,22,65,17,4.2,2.114,,5.123000145,24,7.7,6.699999809,86,99.26009,446.6666565,94.79516,14.38712,,,68.85813149,87.48461885,70.75306936,34,,2.541,96.40000153,99.19999695,1.155612245,100,67.91875,,-2.539192446,43.97233038,9.5,,19.04210663,,3.147492886,53.5,2.725668,53.7,,,0.986800015,29.62000084,,,96.2326467,15.78184223,,0.79,,8.7885,0.02,6.799115181,,,,,,0,1.183003961,0.956500163,,2.650929063,1.2,142,3.106488553,67.79939063,98.9,37.864,11.64468002,
URY,858,Uruguay,40,68.02,40,64.23,LAC,South America,LAC,0,,3.951100111,0.436447516,26.7,10.7,5,1.3,63.5,68,15,5.1,3.736,,6.485000134,30,16.6,10.10000038,95,98.95525252,412,99.53355,15.50195,,,12.6344086,106.2874984,73.61299107,16.20000076,,2.125,96.40000153,99.69999695,0.606837607,99.5,95,,0.488927753,51.96796951,7.900000095,,7.339850903,,3.7484762,61.46,2.511075,45.5,,,0.430510014,45.31999969,,,100,6.684579849,,0.6,,6.675,0.06,2.296200752,84.74,80.87,0,59,51.96,4.545454545,15.39303783,0.831059904,74,3.787633754,7.9,281,5.125615998,45.91692515,100,,13.60553265,
ROU,642,Romania,41,67.51,42,63.72,Europe,Eastern Europe,Europe & C. Asia,0,,4.068500042,0.601521088,21.7,12.8,,3.5,38.9,66,31,6.3,2.448,,5.124000072,81,8.7,11.10000038,89,98.99568738,440.6666565,85.75557,14.2108,,,31.1001142,92.32583497,71.96262143,13.69999981,,3.243,79.09999847,100,1.176068376,100,82.76085,,-0.091156769,64.78037459,0.899999976,,6.906870365,,3.613692463,54.08,2.773306,37.6,,,0.488979995,27.42000008,3.69,,,16.81591225,,1.04,,13.055,0.03,4.210560322,93.44,77.68,100,61,,20.93023256,3.270359514,0.947215258,,3.216095861,1.7,155,3.887201276,54.55424172,,31.374,8.90141964,
CHL,152,Chile,42,67.18,44,63.49,LAC,South America,OECD,0,18,6.128399849,0.78294735,27.8,1.8,5,0.3,51.5,70,22,4.9,1.024,29.8,6.670000076,16,12.4,8.100000381,92,98.87237876,436.3333435,92.00254,15.24619,28.8,12.2,21.66771952,97.81160444,67.59776893,15.80000019,,3.831,99.09999847,99,1.121751026,99.59999847,93.63791,24.1,0.054835292,56.57921082,6.599999905,50.20545757,6.355420589,18.751,4.572903181,72.35,3.172441,35.6,6.601617336,0.961897359,0.417219996,52.06000137,,3.26,99.6660509,18.38037491,1.2,1.08,1.080000043,68.84842939,0.04,4.616445541,86.27,70.03,5.769230769,75,63.52,7.627118644,7.402095573,0.766355227,70,4.148466375,3.1,266,5.076214224,50.24167739,99.4,,12.70190239,
ARG,32,Argentina,43,66.82,47,62.86,LAC,South America,LAC,0,,4.554999828,0.340087611,26.3,8.2,5,1.2,68.1,67,52,6.3,3.859,,6.573999882,24,13.6,12.5,94,99.23841,396.6666565,95.38,17.94733,,,24.84076433,100.1055966,65.84022072,36.59999847,,4.302,96.40000153,99.09999847,1.309626437,99.80000305,95,,-1.071438309,59.44995441,4.400000095,,6.666788101,,2.98526772,64.7,2.831158,32.1,,,0.64696002,44.49000168,,,98.0915359,8.960384369,,1.22,,11.746875,0.05,4.562048435,85.89,62.36,17.64705882,42,49.36,14.70588235,12.58582158,0.861084394,32,2.336128838,5.5,147,2.876021471,42.9296057,99.5,,13.03946877,
MDA,498,Moldova,44,66.60,43,63.53,Europe,Eastern Europe,Europe & C. Asia,0.079999998,,3.163899899,0.620628334,14.9,6.4,,1.9,26.7,62,23,11.9,2.984,,5.888999939,153,12.5,15.80000019,90,100,,87.85464,11.86843,,,40.91858038,97.67963128,87.52834424,21.79999924,,8.68,76.40000153,88.40000153,1.488888889,100,88.97903,,-1.26471696,36.49779982,16.29999924,,5.034141541,,3.502143535,46.6,2.554241,47.2,,,0.404989988,33.02999878,,,85.7414363,17.06247902,,,,34.153,0.04,1.398821831,,,,,,0,1.142102622,0.966504215,33,2.84528274,6.5,188,3.232900263,45.07638364,99.6,36.721,20.55550003,
CYP,196,Cyprus,45,66.53,48,62.58,Asia,Western Asia,Europe & C. Asia,0,,0.280100018,1.087220515,23.8,,1.169999957,,4.2,74,7,1.5,2.329,,5.68900013,5.3,5.2,2.700000048,86,99.82098607,442.3333435,97.9124,13.96636,,,,96.60129713,84.31654457,12.5,,17.63,100,100,1.302325581,100,95,,-3.991453154,53.12688158,0,,15.61733055,,4.630982399,69.33,2.871428,32.1,,,0.467260003,,5.09,,100,16.46045876,,2.07,,9.440408163,0.05,6.735375881,93.41,69.83,0,47,83.31,17.64705882,1.686176405,0.982915645,61,3.885017549,2,106,4.46581494,70.32546283,100,,15.07536888,
UKR,804,Ukraine,46,66.39,51,60.25,Europe,Eastern Europe,Europe & C. Asia,0,,4.400799751,0.492487075,20.1,3.7,,0.3,27.2,63,24,5.5,3.543,,4.681000233,94,,9,76,99.77241,,97.40348,15.14135,,,33.61522199,99.03508772,80.95237519,12.10000038,,8.471,95.90000153,96.19999695,1.368094992,100,95,,-4.980210691,94.55598808,2.400000095,,9.874469757,,3.807098305,43.4,2.649754,5.4,,,0.736620009,25.62000084,,,86.3429623,15.08687496,,,,14.7,0.04,6.26235199,88.84,71.58,5,90,32.54,1.459854015,5.702894703,0.943358382,27,2.866647266,4.3,305,2.947390139,44.26565111,99.8,43.325,15.16898727,
RUS,643,Russian Federation,47,66.36,41,63.81,Europe,Eastern Europe,Europe & C. Asia,0,,2.443199873,0.605310468,24.1,,1.169999957,,26.6,61,25,5,,,5.71600008,84,18.9,9.600000381,97,99.70960245,481,96.06178,14.68839,,,28.7103046,99.11816995,84.28761721,13.60000038,,1.463,72.19999695,96.90000153,1.459058245,100,95,,-1.711445728,184.6976969,0,,5.805064678,,4.12930648,70.52,2.589942,60.1,,,1.118020058,40.11000061,,,93.8724641,14.22747612,,0.93,,21.5,0.03,12.64732838,92.9,77.29,5.737704918,31,2.185535959,6.587615283,5.379498326,0.955111828,29,3.164031726,9.2,475,3.33376613,52.87265575,100,,11.7669487,
TUR,792,Turkey,48,66.12,46,62.95,Asia,Western Asia,OECD,0.25999999,19,2.831099987,0.693212715,29.5,9.5,5,1.7,29,65,16,7.1,1.711,23.8,5.331999779,18,8.9,13.5,94,99.01601967,462,94.88429,14.54396,14.03,56.53,40.1725791,78.33968949,42.41573323,14.89999962,,18.93,94.90000153,100,1.181515404,100,95,10.2,0.17045903,77.08147112,5.900000095,28.72765425,10.26461983,31.559,4.893728149,51.04,3.533005,32.3,8.38988018,3.457398667,0.859520018,40.02999878,,1.99,100,17.21256638,1.1,1.77,1.769999981,48.93152727,0.04,4.383104324,86.9,60.87,0,65,20.81,0,3.316827133,0.875170349,42,3.675668315,2.6,179,4.429535437,60.40552669,93.7,37.207,9.312119484,
QAT,634,Qatar,49,65.83,45,63.06,Asia,Western Asia,MENA,0,,6.548399925,0.930929093,42.3,,1.169999957,,13.4,68,13,3.8,7.739,,6.611000061,29,15.2,8,99,99.0645734,382.6666565,92.39275,13.78672,,,41.36690647,118.4889112,55.19750536,0,,374.1,98,100,2.086455331,97.6978302,95,,-1.747295234,61.37663399,0,,0.237040982,,5.594196406,91.49,3.439141,76.8,,,,41.09999847,,,94.1499967,38.35915756,,1.33,,67.31518659,0.09,44.01892471,91.85,93.92,0,81,,0,,0.836934921,71,5.662815046,1.1,60,5.985757133,92.11089433,,,,
ARM,51,Armenia,50,65.41,53,59.89,Asia,Western Asia,Europe & C. Asia,2.440000057,,3.026299953,0.775166586,19.5,20.8,5.800000191,4.2,22.7,62,25,7.4,2.698,,4.349999905,45,18.3,14.10000038,93,99.80728398,,84.11982,12.31785,,,59.04761905,99.63235294,76.78571316,10.69999981,,37.86,89.5,100,0.675324675,100,81.48745,,-0.195630491,58.26582913,3.900000095,,16.29862022,,4.313498436,46.3,2.375,31,,,0.270139992,31.29999924,,,99.6666829,17.75092888,,0.68,,22.58527273,0.05,1.671656966,,,,,,10.52631579,0.593045017,0.841605994,35,3.401135002,1.8,164,3.958414994,83.95189751,99.6,23.673,7.040042877,
TUN,788,Tunisia,51,65.06,49,61.96,Africa,Northern Africa,MENA,1.99000001,,1.832499981,0.971608168,27.1,10.1,5,2.8,6.7,66,62,8.2,1.222,,4.738999844,33,24.4,14,98,97.3044449,396.6666565,98.72154,14.62357,,,28.49695917,75.82018226,36.57142912,31.29999924,,69.71,91.59999847,97.69999695,1.288043478,100,95,,-3.158521669,23.34835359,2.099999905,,14.81652355,,3.673942031,46.16,2.299082,30.9,,,1.102180004,36.06000137,,,94.5329431,16.34502029,,0.81,,27.77310217,0.07,2.402455568,87.28,73.01,0,58,17.82,1.388888889,5.817335529,0.972199378,38,3.484548739,2.2,199,4.351137597,61.79584451,99.2,23.771,14.40552711,
BRA,76,Brazil,52,64.44,50,60.37,LAC,South America,LAC,4.869999886,,4.640500069,0.477616327,20,7.1,5,1.6,64.8,65,44,8.9,1.891,,6.982999802,44,23.4,16.39999962,93,98.61661576,402,87.21,15.19340264,,,13.19181198,104.8639186,73.926385,9.899999619,,0.8648,82.80000305,98.09999847,0.793266702,99.5,94.44256,,-3.010705188,129.2533223,7.5,,7.167889595,,2.872005916,57.6,2.927419,51.5,,,1.209640026,54.68999863,,,97.6826912,16.49886322,,1.03,,10.86877778,0.06,2.191393614,87.04,60.11,36.84210526,64,17.86980371,23.86831276,7.383987156,0.898994426,38,2.496853694,25.2,274,3.914332391,39.51743842,92.8,35.585,16.69227982,
CRI,188,Costa Rica,53,64.24,52,59.95,LAC,Central America,LAC,1.679999948,,3.726500034,1.090078648,24.3,5.6,5,1,61.2,69,25,6.2,1.113,,7.225999832,11,13.9,9.699999809,91,99.13370342,425.6666565,89.99475,13.86196,,,10.93955941,100.6779974,64.55862848,33.29999924,,,94.5,97.80000305,0.696078431,99.5,94.48431,,-0.99028799,77.11152043,4.099999905,,8.627980232,,3.344751757,49.41,2.432331,72.7,,,0.476410002,50.72999954,,,99.5592523,9.30889225,,1.36,,0.9,0.06,1.704974532,84.32,66.51,0,59,46.84,4.347826087,4.600163765,0.820299838,55,3.481751984,8.5,314,4.586374846,47.99308158,99.7,13.735,17.21158791,
KAZ,398,Kazakhstan,54,63.85,59,58.57,Asia,Central Asia,Europe & C. Asia,0.039999999,,1.172600031,0.89507993,23.4,13.1,5,4.1,36.4,60,12,7,3.617,,5.855000019,99,24.2,14.10000038,95,99.8345124,416.6666565,85.63504,15.02347,,,26.6589057,98.18024263,,26.20000076,,18.43,97.5,92.90000153,2.567085954,100,91.10941,,0.582230692,71.9984389,2.200000048,,5.630135536,,4.221835368,54.89,2.383023,57.2,,,0.157230005,29.04000092,,,90.5130024,14.22163296,,,,30.5,0.03,15.81009769,,,,,,5,1.25707379,0.87128736,28,3.965060493,7.8,295,4.236434105,63.28302642,99.7,25.262,7.47392416,
ARE,784,United Arab Emirates,55,63.58,58,59.15,Asia,Western Asia,MENA,0,,,1.160180723,37.2,,5,,34.2,67,6,3.5,2.533,,6.901000023,1.6,10.9,6.800000191,94,95.00645109,441.3333435,91.20433,13.33,,,42.69406393,116.4126612,,22.5,,1867,97.59999847,99.59999847,1.578154426,97.6978302,95,,0.891810193,60.89727684,0,,3.654928923,,6.428505578,90.4,3.703943,89,,,0.489109993,,,,,40.94919968,,2,,67.06395,0.04,20.43383789,91.49,77.94,30,78,,17.64705882,,0.868619415,70,5.286216883,0.7,238,5.459670553,89.97180576,100,,,
MEX,484,Mexico,56,63.37,57,59.17,LAC,Central America,OECD,2.680000067,20,3.581799984,0.768871031,28.1,13.6,5,1.6,70.9,67,38,7,2.095,11.8,7.186999798,21,12.3,13.19999981,87,98.8754158,417.3333435,96.06227,13.06026,17.32,55.96,18.96758703,93.16639379,55.37084517,42.40000153,13.556,17.21,85.19999695,96.09999847,1.520700101,99.09999847,86.13372,8.7,-1.580841018,48.99324553,4.199999809,45.3320326,4.299540043,22.378,4.117168927,44.39,3.036238,13.5,1.825561881,0.827928447,0.428689986,47.15999985,,2.93,95.8538954,11.92851448,1,1.24,1.177999973,37.4474987,0.04,3.876107693,82.07,69.36,58.33333333,50,24.72252393,16.47058824,4.865373586,0.680894024,35,3.109504047,21.5,210,4.001749463,39.88289365,93.4,24.225,11.81280613,
GEO,268,Georgia,57,63.28,54,59.57,Asia,Western Asia,Europe & C. Asia,11.48999977,,2.007999897,1.094071815,20.8,11.3,7.400000095,1.6,41.5,65,36,7.2,4.272,,4.296999931,106,11.8,11.89999962,91,99.80049,,96.47341,13.79685,,,46.4037123,97.91467027,73.47994437,11.30000019,,2.879,86.30000305,100,0.653465347,100,54.30392,,1.952527031,58.26634535,18.39999962,,12.25437546,,4.232859802,48.9,2.421053,16.4,,,0.176579997,42.09999847,,,96.1928409,15.50542068,,1.69,,0,0.06,2.046895742,92.91,63.21,,95,,0,0.283577837,0.861185618,52,4.052733487,4.3,225,4.339111221,72.97426465,99.6,27.512,11.59260654,
MKD,807,"Macedonia, FYR",58,62.76,60,58.52,Europe,Southern Europe,Europe & C. Asia,1.330000043,,3.89989996,0.742623696,19.6,4.9,,1.8,18.7,66,8,3.5,2.624,,5.006999969,15,9.4,5.5,93,98.64628,,86.54841,13.35395,,,75.09710833,,64.70588235,33.29999924,,16.06,90.90000153,99.40000153,1.360655738,100,67.32469,,-1.175941017,54.50142562,12.5,,26.87533569,,3.92493006,68.06,2.498898,38,,,0.217930004,43.56000137,,,98.6558247,16.99602318,,1.06,,3.735277778,0.03,4.519210339,,,,,,9.375,4.036002696,0.970108177,42,3.881608093,1.4,122,4.355259402,65.23535229,99.7,27.967,,
JOR,400,Jordan,59,62.73,61,57.22,Asia,Western Asia,MENA,0.129999995,,1.45539999,1.009036585,30.5,7.8,5,2.4,26,64,58,10.6,2.558,,5.191999912,5.5,26.3,17.89999962,98,99.10572011,398,97.11111,13.50864,,,42.0206659,88.40005487,21.85430377,12,,92.44,98.59999847,96.90000153,1.317919075,99.5,95,,-3.005986017,32.49915078,1.600000024,,12.84935284,,4.431583113,44,2.590152,16.1,,,0.434700012,35.43000031,,,93.2070387,25.64015961,,1.04,,42.30464831,0.05,3.601147175,83,60.14,,5,,0,0.235717328,0.956006197,53,4.158718249,2,95,4.829946672,80.29799352,99.1,24.14,,
MNE,499,Montenegro,60,62.47,80,53.47,Europe,Southern Europe,Europe & C. Asia,1.690000057,,3.451499939,1.037510171,20,9.4,,2.8,13.4,66,7,3.1,2.113,,5.191999912,21,11.9,4.699999809,88,99.21181926,414,98.36153,15.17869,,,82.65306122,88.99735066,,17.29999924,,,95.90000153,99.69999695,0.58974359,100,71.93024,,-1.321367498,70.82106452,12.5,,18.20599174,,3.52756392,61,2.839561,23.1,,,0.408639997,28.57999992,,,94.2395786,14.95262051,,,,5.1,0.08,4.14554739,88.23,61.6,0,67,,0,1.797033079,0.817720544,,3.627117317,2.7,208,4.064956701,76.98395346,98.9,41.532,,
THA,764,Thailand,61,62.17,55,59.40,Asia,South-Eastern Asia,East & South Asia,0.059999999,,3.10289979,0.844962877,8.5,16.3,7.400000095,6.7,60,66,20,6.7,0.393,,6.454999924,171,36.2,12.30000019,99,96.59757476,437.3333435,95.60995,13.47211,,,9.185202259,94.68178203,78.20025294,6.099999905,,13.07,93,97.80000305,1.493059747,100,73.86841,,-0.815138754,111.9143573,8.300000191,,1.074928999,,4.011281857,34.89,3.40451,52.3,,,0.250559986,39.36999893,,,75.8920724,22.36005783,,1.76,,16,0.23,4.534491539,81.8,65.49,,67,42.96421685,53.09734513,6.351098205,0.803594608,38,3.43156454,5,398,4.101412273,69.41557978,99.4,24.128,12.39377975,
VEN,862,"Venezuela, RB",62,61.82,65,56.56,LAC,South America,LAC,0,,4.073500156,0.955947478,24.8,13.4,5,4.1,94.5,66,95,8.9,,,6.809999943,24,,14.89999962,78,98.53329802,,91.41137,14.21738,,,22.08520179,106.8764927,65.27249557,17,,1.707,94.40000153,93.09999847,1.262987013,100,95,,-4.213626887,43.65658446,7.699999809,,7.993808746,,2.568276499,57,2.605082,40.9,,,,44.77000046,,,90.3442343,13.42541027,,1.5,,14.93829091,0.05,6.416333675,78.46,58.28,11.53846154,44,87.54,22.36842105,2.43523329,0.828296594,17,1.405870664,53.7,161,1.594197532,13.81508838,80.8,,,
MYS,458,Malaysia,63,61.66,63,56.71,Asia,South-Eastern Asia,East & South Asia,0.280000001,,3.905499935,0.790535508,13.3,17.2,5,0,12.7,65,40,3.9,1.198,,5.769999981,103,24,7,94,98.41871381,413,97.03121,12.73096,,,42.20430108,92.96333003,66.41883581,10.39999962,,1.931,96,98.19999695,1.498192336,100,95,,1.02779245,51.90798746,,,2.934149504,,5.625863885,67.5,3.558952,12.5,,,1.065289974,46.20999908,,,100,14.40485382,,1.52,,8.64,0.07,7.898823738,80.16,66.84,0,65,19.23256173,3.773584906,19.14796741,0.69699514,50,5.096361681,2.3,132,5.350822533,44.40079484,,24.873,11.033391,
MAR,504,Morocco,64,61.62,56,59.25,Africa,Northern Africa,MENA,3.119999886,,1.454400063,0.809204788,22.3,14.9,5,2.3,32,61,121,17.6,0.62,,5.013000011,106,20.8,27.60000038,99,81.51006786,,98.27114,11.56266,,,25.39414414,60.60037523,34.80663015,17,,35.69,76.69999695,85.40000153,1.802867384,100,95,,-1.353223129,25.82532288,8.300000191,,9.607040405,,4.356321316,56.8,3.14,15,,,0.733799994,40.88000107,,,91.0071916,17.35731125,,1.46,,39.39325,0.09,1.737915516,83.79,68.17,6.666666667,79,4.839853773,14.5631068,4.389160928,0.887012386,36,3.743168046,2.2,220,4.690334964,66.35722986,94,28.646,13.3388195,
AZE,31,Azerbaijan,65,61.34,68,55.90,Asia,Western Asia,Europe & C. Asia,0,,2.343699932,0.698931065,22.5,18,5,3.1,47.2,63,25,18.2,3.402,,5.211999893,77,10,31.70000076,94,99.93674889,,89.10507,11.94018,,,69.01287554,93.4489859,,16.89999962,,34.52,89.30000305,87,1.260683761,100,93.34912,,-1.427847026,35.14366077,6.5,,4.729383469,,4.805579688,61,2.714286,43.9,,,0.210840002,33.70999908,,,89.456318,20.79508972,,,,13.14649,0.16,3.64737916,,,,,,3.773584906,0.56960966,0.908574499,29,3.804714013,2.1,413,3.809204208,75.94175973,93.6,39.431,8.226214409,
EGY,818,"Egypt, Arab Rep.",66,60.88,66,56.30,Africa,Northern Africa,MENA,,,7.162299633,0.624786893,28.9,22.3,5,9.5,56,62,33,12.8,2.83,,4.193999767,15,12.8,24,93,89.28192062,,95.10083,13.52824,,,19.70873786,70.83333333,31.19890891,2,,126.6,94.69999695,99.40000153,1.098331347,100,95,,-3.371234862,12.66749196,9.300000191,,12.12278843,,3.140830945,31.7,2.86127,31.1,,,0.428629994,30.77000046,,,100,36.40500259,,1.37,,49.49813896,0.09,2.635115147,90.26,64.19,33.33333333,49,41.39212608,31.57894737,0.978653485,0.917231986,36,3.261799561,3.4,80,3.941932576,84.18171882,99,23.019,9.250097275,
KGZ,417,Kyrgyz Republic,67,60.85,88,50.61,Asia,Central Asia,Europe & C. Asia,2.910000086,,2.276299953,0.582231895,14.4,12.9,6,2.8,42.1,61,76,11.5,1.969,,5.285999775,142,22,21.29999924,96,99.75185022,,91.21143,12.51298,,,34.99170813,99.33820031,64.39790547,19.20000076,,32.63,93.30000305,90,0.635714286,100,66.33673,,-2.924024936,24.65135291,25.79999924,,8.167235374,,3.312609564,28.3,2.045971,19.1,,,0.156330004,33.38000107,,,87.7339488,18.33702087,,,,4.2,0.1,1.199591637,,,,,,0,0.341698115,0.983462256,28,3.121744115,9.1,181,3.299270998,51.01047986,98.3,34.448,13.61859894,
ALB,8,Albania,68,60.77,62,56.71,Europe,Southern Europe,Europe & C. Asia,1.059999943,,4.89260006,0.897875622,17.6,23.1,,9.4,19.7,65,29,6.2,1.145,,4.959000111,19,15.1,14,98,98.79119016,395,91.24935,11.82,,,75.92407592,91.97434909,71.68284755,20.70000076,,4.341,93.19999695,95.09999847,0.514285714,100,61.41861,,-1.614397484,35.02526367,5.099999905,,17.28909302,,3.932861223,60.1,2.43,28.2,,,0.153080001,34.50999832,,,86.2021073,15.9476757,,0.77,,3.3572,0.25,1.607037663,90.11,67.39,40,62,,37.5,5.045725971,0.854345618,36,3.567322019,5,158,3.048397068,61.40833033,98.6,23.719,9.304087639,
MUS,480,Mauritius,69,60.72,75,54.15,Africa,Eastern Africa,Africa,0.529999971,,3.765100002,1.107866957,17.9,,5,,29.4,65,53,8.4,1.057,,5.477000237,22,12.2,13.5,97,98.13035494,,98.12052,15.57618,,,34.49519231,87.38611691,60.05326151,11.60000038,,26.35,93.09999847,99.90000153,1.310344828,100,95,,0.317233678,44.75015557,,,7.891042709,,4.579701052,41.44,2.5,28.7,,,0.372289985,,,,99.916148,9.653422356,,2.3,,5.438888889,,3.127070904,89.87,62.33,0,69,54.06,0,4.280833806,0.404354553,53,4.298001497,2.8,202,5.094426316,63.91657221,,21.354,8.867689133,
PAN,591,Panama,70,60.71,67,55.94,LAC,Central America,LAC,2.859999895,,2.896800041,1.029927647,26.8,19.1,9.5,1.2,91.1,67,94,9.6,1.65,,6.785999775,46,10,17,80,97.63853103,,90.68056,13.27974,,,25.05543237,105.3614173,62.72040086,18.29999924,,0.7444,75,94.69999695,1.022222222,90.8754425,82.48797,,2.930533913,60.8394214,5.599999905,,5.188392639,,4.77369912,44.92,2.995915,25.2,,,0.195189998,51.91999817,,,96.7902399,6.812154293,,1.21,,20.149375,0.05,2.625276327,74.88,68.02,11.76470588,94,43.51681703,19.23076923,5.086241817,0.73631653,39,3.602270628,17.2,411,4.655751632,49.76440572,,24.632,10.70153999,
ECU,218,Ecuador,71,60.69,64,56.57,LAC,South America,LAC,4.429999828,,3.626699924,1.012195901,18.7,25.2,10.89999962,2.3,,66,64,10.8,1.724,,5.974999905,54,20.1,21.60000038,83,98.604636,,97.03364,14.17201,,,24.87309645,97.85401841,61.7875682,41.59999847,,2.241,84.69999695,86.90000153,1.69527897,97.19999695,95,,-1.128344285,40.57754557,3,,4.31227684,,4.589285851,43,2.497314,8.3,,,0.227789998,49.25999832,,,92.7866508,13.90796757,,1.13,,6.4,0.07,2.354017496,78.1,65.57,50,46,47.73173339,10.48387097,3.140778977,0.688819302,32,2.879376765,12.4,149,3.931034565,51.65967232,90,39.44,10.98109818,
TJK,762,Tajikistan,72,60.17,71,54.74,Asia,Central Asia,Europe & C. Asia,4.739999771,,3.153300047,0.771887366,13.6,26.8,33.20000076,9.9,54,60,32,20.5,1.918,,4.785999775,91,18.8,44.79999924,97,99.87011,,95.62497,11.24404,,,45.41120381,85.47452685,,19,,51.07,95,73.80000305,0.192982456,100,65.54936,,-1.862525345,10.41371326,10,,10.92651749,,3.761042325,17.49,2.364091,0.6,,,0.121480003,30.82999992,,,82.5553748,19.61576843,,0.89,,2.25,0.22,0.358947635,,,,,,5.555555556,0.561657677,0.981729479,26,4.059564619,1.6,130,4.200852744,84.18811718,88.4,26.939,10.89150238,
BIH,70,Bosnia and Herzegovina,73,59.90,92,49.66,Europe,Southern Europe,Europe & C. Asia,0.059999999,,3.977399826,0.7763039,17.9,8.9,,2.3,11,68,11,4,1.93,,4.948999882,42,17.7,5.400000095,86,99.68309,,98.4,13.6,,,74.28571429,76.16834182,58.77034439,21.39999962,,0.8773,94.80000305,99.90000153,1.228571429,100,54.73459,,-2.369598542,43.97342106,5.300000191,,30.25665474,,3.059406042,60.8,2.554351,,,,0.021709999,36.20999908,,,93.1229102,13.62792683,,,,3.179546173,0.04,6.196651936,74.77,63.43,0,64,,12,0.807273482,0.903267325,38,2.53633299,1.3,78,3.135922432,72.35394306,99.5,45.29,,
OMN,512,Oman,74,59.88,76,53.96,Asia,Western Asia,MENA,0,,11.53770065,0.943256302,30.9,9.8,5,7.1,13.5,66,17,5.2,2.429,,6.853000164,9.6,25.4,11.60000038,99,97.74372549,,93.73292,13.63765,,,62.67605634,82.27738395,,1.200000048,,84.71,96.69999695,93.40000153,2.209923664,97.6978302,95,,-2.879065326,,0,,6.336513996,,4.893687048,70.22,2.884615,67.3,,,0.132489994,,,,84.5218107,30.35329628,,0.7,,13.4,0.04,20.20389366,90.14,56.09,5.555555556,84,17.6,3.333333333,,0.888738473,45,4.173837,1.1,61,5.085097806,,,,6.931738853,
PRY,600,Paraguay,75,59.33,78,53.64,LAC,South America,LAC,2.190000057,,3.27670002,0.28115092,16.3,10.9,10.39999962,2.6,63,65,132,10.9,1.227,,5.877999783,43,20.7,20.5,87,98.61044862,,80.61808,11.91154,,,18.58902576,95.90435004,66.98912161,15,,0.6222,88.59999847,98,0.081125828,98.19999695,50.86099,,-1.042184202,23.33701913,27.60000038,,4.938370705,,2.545981737,43,2.4553,4.9,,,0.05483,52.41999817,,,92.9306005,14.12626171,,0.21,,0.155,0.13,0.84191525,,,,,,13.79310345,18.35874235,0.947796191,27,2.933365933,9.7,118,3.620149674,41.68505476,76.1,22.113,14.02660179,
CHN,156,China,76,59.07,69,55.80,Asia,Eastern Asia,East & South Asia,11.18000031,,5.886399746,0.758297018,6.9,9.4,9.300000191,2.3,6.2,68,27,5.5,1.491,,5.139999866,68,18.8,10.69999981,99,99.64229029,,98.3,13.07282,,,5.411163187,83.60755637,,23.60000038,,19.51,76.5,95.5,,100,54.31266,,3.509179281,55.03088811,,,4.617517948,,4.475762133,49.3,3.669272,21.4,,,1.983049989,42.06000137,,,87.1542813,54.35615158,,1.02,,18.17991224,0.34,6.710301876,78.84,34.74,3.529411765,37,14.86,31.04761905,4.208052975,0.747581733,37,4.006861266,1,121,4.447523909,74.97979077,,28.189,,
JAM,388,Jamaica,77,59.05,72,54.70,LAC,Caribbean,LAC,1.700000048,,1.139000058,1.063601147,27.2,5.7,8.100000381,3,45.7,63,89,11.6,0.411,,5.709000111,4.7,11.5,15.69999981,92,95.87227,,92.1,12.35561,,,16.88089117,106.0702875,79.0598325,12.69999981,,7.5,81.80000305,93.80000305,1.785714286,92.63343811,89.14409,,-3.93589856,32.50030884,3.299999952,,13.71552086,,3.982848152,40.5,2.842107,30.8,,,,45.50999832,,,90.1919771,11.13467884,,0.18,,10,0.1,2.87265563,77.32,61.49,16.66666667,3,30.35,8.333333333,4.692183924,0.713841553,41,3.204617537,39.3,152,4.508160909,65.23140775,98.1,27.201,,
TTO,780,Trinidad and Tobago,78,59.05,97,48.51,LAC,Caribbean,LAC,0,,1.345800042,1.28166471,31.1,5.3,7.400000095,5.2,35.5,60,63,13.2,1.175,,6.168000221,22,14.1,20.39999962,92,99.57905,,95.18178,12.34507333,,,36.39143731,98.25489705,71.84873689,31,,8.755,91.5,95.09999847,2.421052632,99.82779694,95,,-2.306148173,40.84317632,0.699999988,,3.823844194,,4.344140918,65.1,,18.9,,,0.043480001,,,,83.5203292,9.167360306,,14.4,,5.250644898,0.04,37.1400528,87.4,67.56,0,25,22.34,14.28571429,4.430033765,0.795894446,39,3.20767521,28.3,281,4.02535853,57.13145047,96.6,,,
IRN,364,"Iran, Islamic Rep.",79,58.55,77,53.92,Asia,Southern Asia,East & South Asia,0.079999998,,1.963400006,0.778387584,26.1,6.8,5,4,37.7,64,25,9.5,0.89,,4.68599987,22,32.1,15.5,99,98.03424627,,98.46352,15.09423,,,28.36166924,90.31505251,19.2,3.099999905,,67.85,90,96.19999695,1.94489645,100,95,,-4.27965919,56.58696918,11.39999962,,10.49743271,,3.929050417,39.35,2.42,1.2,,,0.74879998,38.27999878,,,94.330583,31.88947487,,0.16,,2.774175359,0.17,7.802145004,76.87,62.01,28.57142857,58,35.3568599,27.77777778,0.201827968,0.839698284,27,3.145049375,4.1,284,3.947152859,55.38447654,98.6,14.083,11.11754513,
BWA,72,Botswana,80,58.42,70,55.17,Africa,Southern Africa,Africa,18.23999977,,0.398299992,,22.4,31.4,24.10000038,7.2,39,54,129,21.9,0.399,,4.331999779,385,23.6,43.59999847,95,96.0374,,90.33255,12.49301,,,25.04684572,95.80573951,79.78883724,9.5,,1.585,63.40000153,96.19999695,6.111111111,53.24000168,62.59297,,0.103665291,30.28354068,9,,18.60749626,,3.800518193,18.5,2.233136,74.1,,,0.532859981,,,,96.4783516,9.699032784,,1.03,,0.95,0.05,2.323344946,,,,,,36.36363636,2.457037562,0.978611544,63,4.087369334,18.4,205,4.892110668,40.31296397,72.2,37.824,15.44970703,
PER,604,Peru,81,58.38,81,53.35,LAC,South America,LAC,3.700000048,,4.006599903,0.815639083,21.1,17.5,7.5,0.4,65,67,68,8.2,1.132,,5.823999882,120,13.9,16.89999962,88,98.69816345,375,91.83842,13.0655,,,36.52849741,88.83287248,77.77777723,22.29999924,,0.7213,76.19999695,86.69999695,1.048387097,91.19999695,63.6029,,-0.521414519,55.48117828,33.5,,3.515837431,,3.152927609,40.2,2.720363,2.9,,,,48.13999939,,,86.4449471,12.8967762,,1,,20.9755,0.11,1.783233166,70.99,54.52,50,73,6.11,23.23943662,2.49763695,0.718766716,36,2.80518837,9.6,202,3.753741906,40.38347458,95.6,22.267,,
BTN,64,Bhutan,82,58.17,74,54.18,Asia,Southern Asia,East & South Asia,2.200000048,,3.130899906,0.775597496,6.7,33.6,,5.9,28.4,59,148,18.3,0.259,,5.252999783,164,15.1,32.90000153,97,74.40520688,,88.06013,12.62022,,,15.31707317,47.87583546,81.69209816,8.5,,0.4332,50.40000153,100,,75.56256104,60.2841,,0.887079745,22.18166604,2.900000095,,2.5886693,,3.992615567,34.37,2.182645,15.6,,,,38.06000137,,,79.9183483,28.11845016,,1.46,,0,0.06,0.766205609,,,,,,8.695652174,0.528586199,0.79943165,65,4.155651468,1.7,135,4.547631587,63.09199426,99.9,28.905,,
DZA,12,Algeria,83,58.14,79,53.58,Africa,Northern Africa,MENA,,,1.378399968,0.762744367,24.8,11.7,5,4.1,12.4,62,140,15.5,1.207,,5.605000019,78,23.8,25.5,95,91.77964052,,97.30394,13.96534,,,28.95442359,62.49999999,22.50755333,31.60000038,,66.92,87.59999847,83.59999847,1.901502504,100,95,,-2.106337342,7.288244392,5,,10.47339153,,3.376275587,18.09,2.540816,0,,,0.066040002,,,,82.414714,19.26350403,,1.21,,34.63991667,0.05,3.316037893,82.52,60.67,20,77,19.97,27.11864407,6.845082272,0.904063435,36,3.274635201,0.7,162,3.748118037,52.77091672,99.4,35.955,11.03808594,
MNG,496,Mongolia,84,58.06,73,54.23,Asia,Eastern Asia,East & South Asia,0.379999995,,1.646800041,0.993677093,16.7,10.8,20.5,1,26.7,60,44,11.1,2.837,,4.874000072,170,21,22.39999962,98,98.46024575,,94.74501,14.59402,,,28.57142857,105.7713651,82.67254111,14.5,,1.583,59.70000076,64.40000153,3.74,89.76255798,27.57677,,4.455996993,58.77598649,15.19999981,,7.071959496,,3.266249979,27,2.287051,18.2,,,0.27392,36.52000046,,,33.0325894,8.327718735,,0.66,,19.8,0.12,6.915146351,,,,,,16.17647059,9.440664587,0.945557308,39,3.202003665,9.7,287,3.67840277,51.94756952,99,31.298,11.75935459,
SAU,682,Saudi Arabia,85,58.03,113,39.02,Asia,Western Asia,MENA,0,,3.942899942,0.819001167,34.7,9.3,5,11.8,17.6,65,12,7.9,2.491,,6.410999775,12,27.4,14.5,98,99.22176778,,97.38652,16.27418,,,49.81132075,83.90208448,26.08695705,19.89999962,,943.3,100,97,1.663380282,97.6978302,95,,0.873247232,74.02676347,0,,5.795867443,,4.942351193,63.7,3.34218,85.1,,,0.073380001,,,,,54.11510086,,1.3,,28.54435925,0.02,18.07245064,87.73,72.82,20,72,45.25,10.20408163,0,0.912780219,52,4.418430699,0.8,162,5.338565189,76.83067345,,,8.375777245,
LBN,422,Lebanon,86,57.99,84,52.88,Asia,Western Asia,MENA,,,3.38380003,0.837335786,31.9,16.5,5,6.6,,70,15,4.8,3.2,,4.839000225,16,22.6,8.300000191,79,98.71478885,,93.44093,13.7537,,,46.36174636,92.43658584,,3.099999905,,24.34,80.69999695,99,1.131868132,100,95,,-2.049340044,44.33682606,1.899999976,,7.058224678,,2.356060701,74.7,2.527778,41.8,,,,,,,77.1184695,23.56331444,,1.18,,15.08356164,0.06,4.66831255,88.77,64.43,0,47,,0,4.177742024,0.916591604,28,2.686931697,2.2,118,4.065689465,60.47004687,99.5,19.788,,
SUR,740,Suriname,87,57.98,82,53.24,LAC,South America,LAC,,,4.433000088,0.774805721,26.1,8.8,8,5,65.3,65,155,11.5,0.911,,6.269000053,38,19.1,21.29999924,85,98.37664295,,,12.6909,,,28.64450128,91.03030938,64.7291968,25.5,,0.6221,79.19999695,94.80000305,,100,88.05668,,-1.527969057,47.04094827,4.099999905,,7.766939163,,,40.08,,13.1,,,,52.88000107,,,76.9421898,11.48211765,,1.36,,0.01,0.27,3.649913311,88.68,63.5,50,7,5.22,15.38461538,0.701751527,0.978080804,36,,6.1,186,,60.23831646,98.9,24.549,,
VNM,704,Vietnam,88,57.62,83,52.93,Asia,South-Eastern Asia,East & South Asia,3.230000019,,5.577399731,0.631158758,3.6,19.4,11,5.7,36,66,54,11.4,1.19,,5.360000134,140,24.5,21.70000076,95,97.09167345,515.666687,97.96511,11.9,,,21.42377435,88.71989861,89.06439895,24.29999924,,9.259,78,97.59999847,1.024409449,99,43.7808,,-0.07219119,23.59304334,16.39999962,,2.058134079,,3.46707112,48.31,3.112863,18.8,,,,35.56999969,,,61.3066205,25.4715519,,1.8,,0.1375,0.24,1.97143352,79.24,56.92,7.692307692,3,0.45,2.777777778,9.076539684,0.74662179,31,3.407291069,3.3,145,3.909753896,60.55325259,95,22.904,,
BOL,68,Bolivia,89,57.47,85,52.50,LAC,South America,LAC,7.699999809,,1.937999964,0.528970059,17.1,18.1,15.89999962,1.6,115.6,59,206,19.6,0.473,,5.889999866,120,23.2,38.40000153,94,98.99588481,,81.60256,13.15285,,,49.60835509,84.78139777,75.54479743,53.09999847,,0.3638,50.29999924,90,2.135802469,90.5,70.97138,,-1.097021609,34.711929,26.39999962,,3.637384653,,3.308116452,39.02,2.171007,13.9,,,0.157000005,56.29000092,,,96.1371649,10.88647461,,0.33,,11.29666667,0.11,1.599498987,,,,,,26.78571429,5.260436717,0.868153632,34,3.185075937,12.1,140,3.439012321,43.89882727,75.8,39.155,12.65896225,
NIC,558,Nicaragua,90,57.39,87,51.27,LAC,Central America,LAC,10.82999992,,1.945199966,0.969403928,17.1,23,16.60000038,1.5,92,64,150,9.8,0.901,,5.828000069,58,15.3,22.10000038,98,87.00925049,,91.82131,11.509,,,12.98701299,106.0137457,74.14187863,41.29999924,,0.9392,67.90000153,87,1,77.90000153,45.92769,,-1.251965655,11.37917247,14.5,,5.957036972,,3.227334897,17.6,2.202562,1.3,,,,40.47000122,,,91.3562162,6.979227543,,1.1,,8.4,0.1,0.84354198,72.78,58.73,16.66666667,54,28.06910659,38.70967742,11.83509605,0.854951347,27,2.800580399,11.3,153,3.246180566,55.89743966,84.7,23.374,,
COL,170,Colombia,91,57.21,89,50.59,LAC,South America,LAC,6.119999886,,3.290499926,1.048856134,21,12.7,8.800000191,0.9,84,67,64,8.5,1.471,,6.477000237,33,16.8,15.89999962,90,98.2393694,392.6666565,87.72414,13.54554,,,16.96869852,101.0762542,71.0784327,19.89999962,,0.4987,81.09999847,91.40000153,1.055641422,97,85.72544,,-0.123326822,40.56807911,9.699999809,,9.952443123,,3.16652782,52.57,2.442362,25,,,0.172670007,55.90999985,,,94.0691931,12.63048744,,0.95,,4.6,0.06,1.560629129,71.21,46.12,11.11111111,28,60.32339702,8.219178082,3.451527247,0.739911716,37,3.039393647,30.8,245,4.052664113,46.76623738,96.5,28.262,11.91434383,
DOM,214,Dominican Republic,92,57.11,93,49.32,LAC,Caribbean,LAC,2.319999933,,4.007199764,1.066059203,23.9,7.1,12.30000019,2.4,90,63,92,21.7,1.49,,4.885000229,60,29.3,30.89999962,88,97.47243226,,86.53122,13.08336,,,16.93548387,106.9667514,67.10334865,20.79999924,,30.37,84,84.69999695,1.11299435,98,93.11803,,0.370285458,33.40007477,12.80000019,,14.42018032,,3.457427543,49.58,2.610672,25.4,,,,47.20000076,,,75.7951188,12.48988724,,1.18,,5.904227642,0.05,2.18290782,83.19,55.99,20,19,2.22,40,8.141009096,0.735322123,33,3.172680333,22.1,240,4.010263779,36.44813772,81.1,14.558,,
GAB,266,Gabon,93,56.21,90,50.43,Africa,Middle Africa,Africa,7.96999979,,1.68809998,1.016827614,17.6,17.5,5,3.4,115,54,291,23.2,0.292,,3.895999908,444,22.9,50.79999924,61,88.50414277,,92.09732056,12.49507,,,64.23017107,134.214619,68.55670275,14.19999981,,0.0838,41.90000153,93.19999695,1.166666667,89.30000305,74.41801,,-0.673559782,14.3905458,13.39999962,,20.53826714,,3.079895828,9.81,2.083333,0,,,0.580869973,41.45000076,,,71.8284713,10.9204874,,0.45,,0,0.07,1.418165803,65.87,65.91,100,62,57.96,50,1.123192485,0.961718769,34,3.389185647,9.1,196,4.184283048,34.81420592,89.6,30.973,,
SLV,222,El Salvador,94,55.64,95,49.07,LAC,Central America,LAC,3.25,,2.485699892,1.015161614,21.8,14,12.39999962,2,72,63,54,8.3,1.596,,6.130000114,41,21.1,16.79999924,93,96.54508826,,91.03867,12.25576,,,22.1642764,88.85652036,61.09045985,32.09999847,,8.062,75,93.80000305,1,93.69999695,77.89086,,-2.597599158,33.1150929,19,,6.419799328,,4.032832063,29.7,2.633917,6,,,0.03112,48.33000183,,,87.8687623,12.91867352,,1.13,,0.62,0.06,1.103998542,77.19,57.61,0,49,95.01,0,5.896393027,0.829374237,39,3.125414803,41.2,422,3.719565238,36.34610431,98.6,18.464,10.39441109,
PHL,608,Philippines,95,55.54,91,50.42,Asia,South-Eastern Asia,East & South Asia,13.10999966,,3.637300014,0.772154057,5.1,30.3,13.5,7.9,57,60,114,12.6,1.153,,5.072999954,288,10.5,28,79,97.75079836,,90.22618,11.27717,,,47.06397897,105.4156171,64.33121019,27.20000076,,17.03,73.90000153,91.80000305,1.189907039,87.5,50.45161,,-0.713209525,23.6813305,11.10000038,,6.666004658,,3.3050247,39.69,2.6,0,,,0.109630004,42.97999954,,,59.0351477,8.602252007,,0.5,,0.53125,0.11,0.867845356,77.12,49.49,47.05882353,89,8.6,17.88617886,4.092463452,0.64969738,35,3.384768242,8.8,111,4.116854763,62.26817386,90.2,18.499,7.917971134,
CPV,132,Cabo Verde,96,55.48,86,51.56,Africa,Western Africa,Africa,17.56999969,,0.035700001,,13,,9.399999619,,,64,42,12.2,0.306,,,138,26.1,24.5,93,98.12896699,,98.05541,13.4652,,,24.14529915,,75.81601976,20.79999924,,6.767,72.19999695,91.69999695,,70.56256104,68.33842,,-3.988427929,47.71871076,6.400000095,,10.76328564,,3.606790824,40.26,,42.6,,,0.072640002,50.52000046,,,62.9403235,43.06526566,,0.5,,19.4,,0.85906142,90.1,70.01,0,72,42.85,0,1.357202213,0.877190655,55,3.59391778,10.3,267,4.040033991,,91,24.227,9.469410896,
LKA,144,Sri Lanka,97,54.80,116,38.16,Asia,Southern Asia,East & South Asia,1.690000057,,3.801399946,0.904328827,6.5,14.7,22,21.4,20.3,65,30,5.4,0.68,,4.270999908,65,17.4,9.800000191,99,98.1579253,,94.13639,13.71335,,,29.0805417,98.54752712,46.70255631,4.900000095,,24.53,95.09999847,95.59999847,1.141666667,88.66255951,25.39852,,1.309471595,17.05897531,2.5,,4.69761467,,5.054661843,25.8,2.23151,7.8,,,0.156639993,36.40000153,,,72.8573009,17.1462574,,5.1,,0,0.14,0.729920864,89.16,61.81,0,35,12.45,12.90322581,2.865138402,0.571313216,37,3.865479418,3.4,132,4.319000533,73.52891883,97.2,12.396,5.125112057,
IDN,360,Indonesia,98,54.38,96,48.81,Asia,South-Eastern Asia,East & South Asia,15.89999962,,5.095499992,0.719592532,5.7,36.4,7.599999905,13.5,47,62,126,13.5,0.204,,5.399000168,399,15.3,27.20000076,77,98.77800124,384.3333435,92.21828,12.98776,,,20.29580937,86.03949244,,17.10000038,,5.612,60.79999924,87.40000153,1.969387755,96,45.29918,,0.110376791,49.62922175,6.900000095,,5.825447083,,3.816054923,17.14,2.918715,24.2,,,0.083319999,38.1407547,,,32.5251242,14.76866913,,0.52,,0.0175,0.08,2.303781033,76.43,50.15,12.78195489,85,22.00295678,3.553299492,11.49730216,0.767806212,36,3.922269861,0.6,59,4.316818563,78.99058221,66.6,17.138,6.7190938,
ZAF,710,South Africa,99,53.78,118,37.42,Africa,Southern Africa,Africa,16.55999947,,4.320399761,0.606118902,26.8,23.9,5,4.7,54,52,138,11,0.776,,4.642000198,834,25.1,40.5,70,98.88204097,,89.55526,13.55794,,,16.93722944,95.57440506,76.31579294,42,,24.23,66.40000153,93.19999695,1.660347551,85.40000153,84.93672,,-2.882389754,66.19826566,,,25.13574219,,4.310185149,49,3.2,58.5,,,0.761600018,63.13999939,,,91.6923535,14.32667828,,2,,27.85875,0.09,9.257216454,84.74,59.28,13.33333333,49,20.93170052,21.21212121,17.17185941,0.780582731,44,4.096786162,31,294,5.471041663,39.80251288,85,27.625,15.92772007,
KWT,414,Kuwait,100,52.54,129,32.94,Asia,Western Asia,MENA,0,,,0.803435721,39.7,5.8,5,2.4,7.1,68,4,3.2,1.793,,6.295000076,21,18.7,8.600000381,94,98.78226205,,92.10572,14.746555,,,38.17567568,102.3584556,70.554272,1.5,,2075,100,99,1.378688525,97.6978302,95,,0.226015271,58.50080618,0,,3.522761822,,4.103777095,78.7,3.159088,5.9,,,0.094939999,,,,,49.13330078,,5.72,,43,0.09,28.10266113,89.16,62.86,0,38,,14.28571429,,0.875569039,49,3.493208686,0.4,137,4.339039333,85.83139231,,,6.742463112,
GUY,328,Guyana,101,52.35,112,39.16,LAC,South America,LAC,,,4.20579958,,22.9,12,10.60000038,6.4,101,54,229,22.8,0.214,,,103,17.3,39.40000153,98,93.0989419,,71.53248,10.29144,,,38.98500577,111.4856429,,30.39999962,,0.5332,83.69999695,98.30000305,,79.46676636,92.98187,,-0.403765913,19.04754575,18.29999924,,11.20344067,,3.559736679,37.35,2.395066,0,,,,,,,75.7733322,8.746643066,,5.33,,0,0.43,2.357722044,82.21,70.51,,3,40.08,,0.567833338,0.918291959,29,3.426269634,17,260,3.720760367,46.69141275,87.9,25.669,,
HND,340,Honduras,102,51.78,100,45.17,LAC,Central America,LAC,18.93000031,,1.657800078,1.041751209,18.2,22.7,12.19999981,1.4,101,64,129,11,0.372,,4.788000107,43,17.4,20.39999962,85,94.98095416,,89.33168,11.10111,,,23.47908745,101.8612424,51.59500908,25.79999924,,1.744,82.59999847,91.19999695,1.049382716,82.19999695,49.00905,,-3.520095834,24.64045897,15.30000019,,3.886053324,,3.719312788,19.08,2.242481,11.7,,,,56.95000076,,,97.4323136,8.672456741,,1.45,,15.535,0.1,1.103745103,82.13,58.64,0,35,78.98,14.28571429,7.396416813,0.745330388,31,3.432064003,90.4,153,4.145053024,48.21651476,93.6,22.947,,
NPL,524,Nepal,103,51.53,99,45.95,Asia,Southern Asia,East & South Asia,14.94999981,,2.747900009,0.717504543,3.3,37.4,7.800000191,11.3,71,59,258,22.2,0.209,,4.513999939,158,17,35.79999924,88,82.35368674,,98.47754,12.35305,,,37.06140351,50.56179775,90.53738479,29.5,,4.518,45.79999924,91.59999847,1.416666667,76.30000305,18.0367,,-3.055097207,8.875449877,37.40000153,,3.05477643,,2.740929864,15.44,2.261434,10.9,,,0.30219999,32.81999969,,,49.8612386,46.08631516,,0.12,,0,0.1,0.159474447,,,,,,3.703703704,0.746066765,0.824344677,27,3.04307165,2.9,48,3.728963096,60.46221706,42.3,19.291,11.01693439,
GHA,288,Ghana,104,51.41,94,49.16,Africa,Western Africa,Africa,25.14999962,,1.703400016,0.826565539,12.2,18.8,5,4.7,65,54,319,28.3,0.096,,4.632999897,165,26.2,61.59999847,92,85.71614763,,88.87639,11.50262,,,63.87035272,70.96290925,94.03893664,10.89999962,,1.747,14.89999962,88.69999695,1.054263566,64.06256104,16.29211,,-0.512605336,8.19539136,21.79999924,,6.264291763,,3.02630451,18.9,2.669054,39.9,,,0.376549989,42.75999832,,,32.2204698,26.53877258,,0.09,,10.2483871,0.1,0.404379785,78.19,60.14,,80,45.76,67.5,8.863045372,0.845421123,47,3.773055774,6.1,54,4.178108799,78.2421008,62.5,16.463,13.90796757,
IRQ,368,Iraq,105,50.87,106,42.65,Asia,Western Asia,MENA,,,2.187200069,0.893839505,23.8,22.6,22.79999924,7.4,82,61,50,18.4,0.607,,4.677000046,43,20.2,32,57,82.15785,,,10.08247,,,45.63380282,66.1038961,,26.5,,73.44,85.59999847,86.59999847,1.875,100,95,,-0.432212208,1.487679508,4.699999809,,16.89544678,,,11.3,2.184437,,,,0.033780001,30.86000061,,,82.9299811,32.56874084,,,,8.290661781,0.07,4.201635361,83.76,43.54,0,60,,0,0.772814602,0.82056471,16,,8,110,,60.6659829,99.2,42.575,,
GTM,320,Guatemala,106,50.01,103,43.67,LAC,Central America,LAC,11.52999973,,2.117799997,0.991349002,18.6,48,15.60000038,1.1,91,62,88,13.4,0.932,,6.123000145,57,19,29.10000038,67,93.6534708,,85.50401,10.69,,,35.7696567,95.90235336,48.96719045,13.89999962,,2.599,63.90000153,92.80000305,1.232323232,78.5,43.30219,,-2.951825543,35.84024278,25.79999924,,2.73955965,,4.028380503,23.4,2.535714,4.9,,,0.048099998,55.88999939,,,97.4101115,12.40108871,,2,,5.373,0.09,0.748055041,88.06,57.71,0,86,36.57,15.38461538,12.94212051,0.722600452,28,3.288690192,39.9,105,4.213645375,50.78171035,96.7,11.642,9.408969879,
LAO,418,Lao PDR,107,49.91,98,46.01,Asia,South-Eastern Asia,East & South Asia,29.95000076,,4.507799625,,3.5,43.8,18.5,6.4,94,57,197,30.1,0.182,,4.875999928,189,14.3,66.69999695,87,83.93106284,,97.28851,10.57806,,,35.26011561,64.04927644,,25,,1.047,70.90000153,75.69999695,,70,5,,0.535363573,17.41098236,10.10000038,,1.607627273,,3.924305357,14.26,2.20625,2.5,,,,36.74000168,,,63.9072619,27.47712708,,0.7,,0,0.19,0.188910499,,,,,,6.666666667,8.556192284,0.81359891,25,3.818860158,5.9,69,3.56658289,74.52916724,74.8,23.924,,
NAM,516,Namibia,108,49.88,125,34.62,Africa,Southern Africa,Africa,22.60000038,,0.421000004,1.040450951,18.9,23.1,42.29999924,7.1,82,58,265,15.9,0.374,,,561,23.9,45.40000153,83,87.09541209,,87.67561,11.34352,,,23.79182156,103.2679739,98.38491988,41.29999924,,0.7063,34.40000153,91,2.615384615,47.2625618,45.1244,,0.132432223,53.68179177,,,25.49324226,,4.707376809,14.84,2.570793,34.2,,,0.144409999,63.90000153,,,69.2546673,8.319452286,,0.5,,13,0.18,1.239160538,88.69,77.44,83.33333333,35,65.97,55.55555556,31.03202321,0.965817026,53,4.008241473,17.2,191,5.078814731,44.43652119,78,30.298,16.3770752,
ZWE,716,Zimbabwe,109,48.63,101,44.45,Africa,Eastern Africa,Africa,,,0.788699985,1.018388123,10.5,27.6,33.40000153,3.3,120,50,443,23.5,0.083,,4.610000134,278,28.2,70.69999695,91,90.93070187,,93.88175,10.85084,,,16.25883632,86.54592497,75.65103667,31.5,,17.85,36.79999924,76.90000153,1.421052632,40.46255875,33.92534,,-1.803662158,5.296573319,,,9.32100296,,3.012059769,19.89,2.248457,37.8,,,0,,,,73.6060722,9.0742836,,0.7,,14.03195876,0.17,0.691697896,,,,,,61.11111111,9.900609571,0.78893395,21,2.852291689,10.6,129,2.397444714,56.78580834,48.8,27.731,,
IND,356,India,110,48.39,102,44.28,Asia,Southern Asia,East & South Asia,21.25,,2.981100082,0.905126307,4.9,38.7,15.19999981,15.1,28.1,58,174,27.7,0.702,,4.565000057,167,16.6,47.70000076,83,81.13085969,,93.08864,11.69659,,,28.03250145,49.79020979,34.67741762,12,,33.88,39.59999847,94.09999847,1.565647256,78.69999695,42.43333,,0.181687605,18.07498434,11.80000019,,3.480498314,,3.960446753,18,2.877227,3.2,,,0.806020021,33.90000153,,,53.7647421,46.68133926,,0.34,,10.48760328,0.25,1.662873507,85.57,51.27,4.166666667,49,23.59160362,5.535055351,2.664106567,0.686575009,38,3.992122169,3.5,30,3.764837477,68.92233283,83.6,19.78,8.565962791,
COG,178,"Congo, Rep.",111,47.19,127,33.44,Africa,Middle Africa,Africa,28.70999908,,0.909500003,0.886126908,11,25,30.5,5.9,147,50,442,18,0.095,,3.989000082,381,26.4,45,80,80.9139517,,,11.11138,,,64.77832512,75.2688172,66.87402482,7.400000095,,0.0055,15,76.5,1.277777778,41.59999847,22.91059,,-3.003932567,3.83447135,18.39999962,,7.231931686,,,,1.833333,,,,,47.31999969,,,36.741367,13.81263065,,0.53,,0.18,0.05,0.538098395,67.3,61.81,,72,,44.44444444,1.552097009,0.983853717,23,,12.5,31,,52.4994795,90.8,46.911,,
CMR,120,Cameroon,112,46.33,109,39.71,Africa,Middle Africa,Africa,29.27000046,,1.622799993,0.799964025,11.4,32.6,9.899999619,5.8,119,49,596,25.7,0.077,,4.251999855,220,27.6,87.90000153,80,80.57444119,,94.86986,10.39801,,,66.29834254,78.89221557,86.63967378,31.10000038,,0.3414,45.79999924,75.59999847,0.867647059,53.70000076,24.57469,,-3.036843529,3.521575584,47,,4.576217651,,3.075233805,11,1.853742,0,,,,38.90999985,,,27.6968957,21.34485245,,0.77,,0,0.06,0.268091798,79.2,62.05,,53,,25,2.087985426,0.834693637,27,3.447462648,7.6,119,3.930214739,49.83975354,61.4,17.955,,
LSO,426,Lesotho,113,45.95,110,39.59,Africa,Southern Africa,Africa,59.65000153,,0.754900038,,14.2,33.2,11.19999981,2.8,94,43,487,32.7,,,4.897999763,852,28.2,90.19999695,92,83.19441043,,79.62118,11.14094,,,24.46856626,123.7303985,77.4324314,25,,1.449,30.29999924,81.80000305,,20.56255913,39.00074,,-2.238245976,11.24100719,22.89999962,,27.51769638,,3.766840248,11,2.350309,7.4,,,0.01283,52.5,,,70.0050428,10.6969614,,0.5,,0.3,0.17,1.082269549,,,,,,0,1.036549406,0.965729807,44,3.820548438,38,121,4.433301912,38.06014433,45.1,60.087,24.47155952,
SEN,686,Senegal,114,45.84,104,42.93,Africa,Western Africa,Africa,37.97999954,,1.110199928,0.852848933,9.8,19.4,10,5.8,80,55,315,20.8,0.059,,3.904000044,138,27.2,47.20000076,80,66.03273952,,73.38133,7.94567,,,65.11831727,55.63863855,65.05139534,42.70000076,,5.699,47.59999847,78.5,1.621621622,56.5,48.62433,,-4.777791461,4.821965518,14.5,,9.320000648,,3.758295157,17.7,2.3,14.1,,,0.540859997,40.29999924,,,80.4421455,41.208004,,0.52,,2.0625,0.17,0.588334143,66.08,68.44,0,72,34.64,5.555555556,5.442469944,0.9441157,44,3.988356001,2.8,64,4.152652093,51.75849414,73,22.702,10.39026928,
PAK,586,Pakistan,115,45.71,120,36.27,Asia,Southern Asia,East & South Asia,8.300000191,,2.747399807,0.917835145,5.4,45,22,10.5,44,57,178,45.5,0.827,,5.193999767,270,14.2,81.09999847,63,70.76932626,,71.85668,7.78876,,,52.60892953,49.49076624,29.96300825,20.60000038,,74.35,63.5,91.40000153,1.378323108,93.59999847,36.1472,,-3.052479946,7.325158128,,,5.431818485,,3.484310116,13.8,2.669871,0.5,,,0.329019994,30.02000046,,,60.8714431,46.17766571,,0.84,,3.517748412,0.12,0.94117111,67.91,52.48,0,62,35.03,18.75,0.946745761,0.866445219,30,3.054124701,7.7,39,3.469061417,57.63966888,33.6,13.287,5.571372032,
SWZ,748,Swaziland,116,45.13,107,42.23,Africa,Southern Africa,Africa,42.02999878,,0.93779999,,17.7,25.5,26.79999924,2,87,45,389,14.2,0.17,,4.867000103,733,24.2,60.70000076,86,93.50229982,,84.73733,11.33191,,,22.66313933,109.7183306,,6.199999809,,23.1,57.5,74.09999847,,42,44.54958,,-3.275833025,32.07532397,7.300000191,,25.61727905,,3.83518523,27.1,,0.7,,,,51.49000168,,,74.7660754,10.37664318,,0.51,,55.5,0.37,0.864988327,,,,,,0,16.42840475,0.817956118,,3.354239642,33.8,284,4.513333321,42.06856829,49.5,34.949,,
MMR,104,Myanmar,117,44.50,121,35.29,Asia,South-Eastern Asia,East & South Asia,,,3.706600189,0.549473405,2.9,35.1,14.19999981,7.9,30.3,57,178,26.4,0.612,,4.30700016,369,20.3,50,75,96.02813,,86.37,8.627,,,28.65168539,112.1372032,,12.69999981,,2.845,79.59999847,80.59999847,1.117647059,52.36256027,8.29852,,1.377538688,1.556402344,,,4.681823254,,2.41677427,2.1,2.142857,1,,,0,,,,18.6261398,28.93354607,,0.44,,0,0.2,0.200285211,82.42,58.6,0,2,13.57,17.24137931,4.736620723,0.811821065,22,2.805820634,15.2,120,3.045765703,79.17448593,72.4,23.167,2.556199074,
BGD,50,Bangladesh,118,44.42,124,34.73,Asia,Southern Asia,East & South Asia,43.65000153,,4.405799866,0.721444694,3.6,36.1,16.39999962,14.3,113,61,176,23.3,0.356,,4.693999767,227,13.6,37.59999847,89,79.93943,,91.54676,9.97506,,,25.67324955,81.65137615,43.63636364,20,,2.923,60.59999847,86.90000153,1.124528302,59.59999847,9.2603,,-0.548201313,9.236862234,12.80000019,,4.443553925,,2.847684598,9.6,2.114545,1.9,,,0,32.11999893,,,32.330873,48.36186218,,0.43,,0,0.26,0.372017175,90.97,50.04,33.33333333,2,2.36,10.52631579,3.5269607,0.768760392,25,2.852616337,2.7,42,3.458802616,80.26233449,30.5,11.229,5.961318016,
KHM,116,Cambodia,119,44.37,132,28.83,Asia,South-Eastern Asia,East & South Asia,6.150000095,,3.028800011,0.609520372,3.2,32.4,14.19999981,9.6,57,62,161,14.8,0.169,,3.819000006,390,17.4,28.70000076,94,87.13245796,,98.38292,10.90489,,,42.36926361,58.84543762,87.71139316,20.29999924,,0.4587,42.40000153,75.5,2.888888889,31.10000038,10.61382,,-0.250030714,10.70651108,18.29999924,,0.502257824,,3.36078998,9,2.583333,9.6,,,0,36.02999878,,,75.2648798,19.7362175,,,,0,0.38,0.308073163,80.14,63.73,0,7,,6.666666667,18.00471269,0.825454102,21,2.926579304,6.5,106,3.574995713,45.39793838,62.1,18.381,10.12271309,
KEN,404,Kenya,120,44.04,105,42.67,Africa,Eastern Africa,Africa,33.59999847,,1.627699971,0.844014876,7,26,21.20000076,4,96,53,510,22.2,0.198,,4.419000149,246,29.1,49.40000153,79,82.39047231,,83.57701,10.98451,,,26.29399586,80.99861304,,19.70000076,,10.48,30.10000038,63.20000076,1.314606742,23,19.5995,,-3.080598496,10.19693071,25.89999962,,9.21163559,,4.162652298,43.4,2.402778,3,,,0.976170003,47.68000031,,,44.9047338,11.43267918,,0.3,,0.519793939,0.27,0.327569157,81.5,55.44,10,63,33.06,11.11111111,7.544595462,0.804109268,25,3.825732816,6.4,121,4.194807817,53.73938832,60,19.648,12.09163284,
AGO,24,Angola,121,44.01,108,40.50,Africa,Middle Africa,Africa,30.12999916,,0.888799965,0.896844471,10.2,29.2,14.19999981,8.2,190.9,44,477,48.7,0.166,,4.032999992,370,26.9,156.8999939,80,73.00776,,,11.39,,,73.16878981,,,36.79999924,,0.4755,51.59999847,49,3.083333333,37,44.77891,,-2.662507675,22.96756765,23.5,,7.55907917,,,21.26,2.105263,12.2,,,,42.65999985,,,31.6032535,14.02398205,,0.48,,0,0.08,1.354007483,73.34,61.89,0,16,5.69,26.08695652,3.145622669,0.935935473,15,,10,105,,46.21470938,35.6,40.456,,
RWA,646,Rwanda,122,43.99,119,36.59,Africa,Eastern Africa,Africa,60.25,,1.91990006,0.787324749,4,37.9,31.60000038,2.2,45,56,290,18.7,0.056,,3.464999914,63,32.1,41.70000076,98,77.34462673,,93.39067,10.27419,,,35.74040219,74.41860465,94.84126772,63.79999924,,1.128,61.59999847,76.09999847,,18,5,,-2.197914507,5.264096437,28.5,,2.354050636,,4.455228215,10.6,2.32197,5.8,,,0,50.81999969,,,27.8432305,17.01929474,,0.52,,0,0.19,0.062874198,,,,,,15.38461538,3.897726312,0.848023748,54,5.388244505,23.1,492,5.570719431,81.70996509,63.2,25.058,16.23114967,
UGA,800,Uganda,123,43.62,117,37.58,Africa,Eastern Africa,Africa,33.24000168,,2.019299984,0.856612817,4.9,34.2,25.5,4.3,140,50,343,18.7,0.117,,3.930999994,161,27.4,54.59999847,78,87.40882894,,91.48062,9.76888,,,56.55976676,71.13564669,95.01134462,35,,1.06,19.10000038,79,,18.16255951,5,,-4.87924161,4.227783433,16.29999924,,3.590334415,,3.539417064,17.71,2.35,7.4,,,0.557940006,44.29999924,,,23.420564,17.63208389,,0.65,,0.56,0.08,0.110886574,,,,,,26.66666667,5.663806122,0.755702097,25,3.567911081,10.7,97,3.891180475,46.03529597,29.9,12.74,13.60027504,
CIV,384,Cote d'Ivoire,124,43.49,114,38.55,Africa,Western Africa,Africa,29.02000046,,3.254100084,0.930128077,9.2,29.6,13.30000019,7.6,125,46,645,37.9,0.144,,3.654999971,165,24.2,92.59999847,63,48.30995824,,76.79877,8.93732,,,67.18289086,60,,9.199999809,,1.841,22.5,81.90000153,1.144736842,55.79999924,21.80106,,-2.199523632,5.881447799,26.39999962,,9.502116203,,4.47776634,14.6,2.40873,0,,,,41.5,,,65.8213435,20.30309677,,0.48,,0.6,0.06,0.312877715,67.82,55.41,,83,22.15,11.76470588,11.09578365,0.888790661,32,4.184318164,13.6,34,4.244946264,57.68819255,65,19.812,,
ETH,231,Ethiopia,125,43.06,115,38.47,Africa,Eastern Africa,Africa,33.54000092,,2.325399876,0.74806654,4,40.4,32,8.7,71.2,56,353,27.7,0.025,,4.512000084,207,25.3,59.20000076,70,54.98297726,,85.4,8.5,,,41.7519909,40.44764992,86.83036203,38.79999924,,4.556,28,57.29999924,0.977011494,26.56255913,5,,1.442483978,0.463300214,27.39999962,,5.450455666,,3.163067127,2.9,2.166667,4.8,,,0.245660007,33.59999847,,,56.1719314,17.60024834,,0.3,,0,0.27,0.083943114,,,,,,9.375,2.455088734,0.838737275,33,3.375877069,12,136,3.731384542,67.13529931,6.6,15.866,10.0462389,
TZA,834,Tanzania,126,43.01,111,39.20,Africa,Eastern Africa,Africa,46.59999847,,1.659999967,0.826508347,7.1,34.7,32.09999847,3.8,72.1,53,398,18.8,0.031,,3.780999899,327,32.9,48.70000076,97,74.56052051,,83.46242,9.1705,,,47.07158351,76.89655172,89.6969697,36,,5.385,15.60000038,55.59999847,1.732142857,15.30000019,5.61133,,-1.366863811,5.744827398,21.10000038,,3.219774723,,3.128758168,4.86,2.317448,2.7,,,0.516160011,37.58000183,,,27.6790785,9.164445877,,0.26,,0.425,0.14,0.154934898,77.24,57.02,30,63,14.81,26.72413793,6.431265258,0.698108967,30,3.498987023,12.7,78,3.506125641,63.60352948,16.3,15.705,14.00879097,
SDN,736,Sudan,127,42.17,135,28.19,Africa,Northern Africa,MENA,14.92000008,,0.682700038,1.013744253,7.5,38.2,,16.3,87,53,311,29.8,0.28,,4.550000191,94,24.3,70.09999847,86,87.91188,,,6.99558,,,70.48624199,67.32304417,,30.5,,71.24,23.60000038,55.5,1.32038835,32.56256104,20.65887,,-3.117274542,4.230590563,24.89999962,,13.58026314,,,24.64,1.897661,,,,,35.29000092,,,,26.59335327,,0.79,,0,0.24,0.349548727,85.47,56.04,0,68,39.71,9.090909091,1.136249826,0.937881261,12,,11.2,56,,71.2688206,59.3,10.85,,
BDI,108,Burundi,128,42.04,143,19.65,Africa,Eastern Africa,Africa,77.65000153,,1.32949996,,2.6,57.5,,6.1,85,48,712,28.6,0.028,,2.904999971,126,,81.69999695,94,88.88636685,,94.77455,10.10505,,,59.31428571,72.02572347,,36.40000153,,2.297,48,75.90000153,,6.5,5,,-7.276854506,1.398660325,26.29999924,,1.518477559,,2.750610241,1.38,2.4,0,,,0.121260002,33.27000046,,,49.4926545,17.09954453,,0.55,,0,0.23,0.021349926,,,,,,40,3.18012535,0.92042405,21,2.891395065,8,72,2.760594506,42.67915513,75.2,29.702,13.9598856,
TGO,768,Togo,129,40.85,123,34.75,Africa,Western Africa,Africa,54.18000031,,1.146300077,0.843401202,7.5,27.5,11.39999962,6.7,85,50,368,26.7,0.053,,2.838999987,58,31.1,78.40000153,82,79.88590713,,,12.23491,,,65.82466568,47.26383098,,17.60000038,,1.15,11.60000038,63.09999847,,31.46256065,5.62812,,-4.250161232,4.818009163,27.89999962,,7.688574791,,,5.7,2.072934,,,,0.253490001,39.29000092,,,12.8315996,25.39838409,,0.52,,0,0.15,0.319443613,88.11,42.19,,82,,75,5.682659165,0.854641248,32,,10.3,64,,56.22284967,77.9,20.898,12.88745213,
BEN,204,Benin,130,39.98,122,34.79,Africa,Western Africa,Africa,53.11000061,,1.460300088,0.799279439,9.3,34,7.5,4.5,94,50,405,31.8,0.059,,3.339999914,61,27.7,99.5,63,42.36270388,,94.86314,11.06991,,,78.16377171,45.27472527,98.02890929,7.199999809,,0.4926,19.70000076,77.90000153,,38.40000153,8.93542,,-3.789332993,4.329718565,15.30000019,,1.075802922,,2.460317373,5.3,2.351515,,,,0,38.61999893,,,34.2356154,26.71080399,,0.54,,0.0084,0.2,0.509962201,89.74,50.36,0,59,,66.66666667,18.61690241,0.909538289,37,3.328764165,8.4,75,3.86153841,45.31337363,80.2,20.38,9.904857635,
MWI,454,Malawi,131,39.77,144,19.61,Africa,Eastern Africa,Africa,70.91000366,,2.187799931,0.762667306,5.3,42.4,20.70000076,3.8,143,51,634,21.8,0.019,,4.291999817,227,35,64,85,72.13956438,,96.90134,10.75378,,,27.53623188,65.70881226,98.93475974,16.70000076,,7.853,41,90.19999695,,9.800000191,5,,-5.928134039,4.852664356,39.29999924,,6.74263525,,2.753386842,5.83,3.042141,3.9,,,0,43.90999985,,,33.2039737,9.134368896,,0.5,,0,0.42,0.079231486,,,,,,60,7.00469593,0.80521062,31,3.245054544,1.8,76,4.156118965,39.48372172,2.3,40.181,13.6883955,
MRT,478,Mauritania,132,39.60,126,34.42,Africa,Western Africa,Africa,10.90999985,,1.205900073,,9.7,22,5.599999905,11.6,71,54,602,35.7,0.13,,4.43599987,111,24.5,84.69999695,84,56.12243472,,73.07767,8.50027,,,72.35041064,56.54885655,45.07042027,25.20000076,,11.82,40,57.90000153,,21.76255989,42.02726,,-2.614189164,7.725474229,14.60000038,,31.08639717,,2.402306106,10.7,2.4,5.4,,,,40.45999908,,,40.3669041,70.13337708,,0.5,,0,0.25,0.627225459,89.81,75.39,33.33333333,64,9.61,10,100.7343376,0.97692356,31,2.653240592,5,45,2.479041752,44.92884214,58.8,27.792,,
MOZ,508,Mozambique,133,39.48,136,26.44,Africa,Eastern Africa,Africa,68.73999786,,0.702600002,0.890251616,5.3,43.1,25.29999924,6.1,167,46,489,27.1,0.04,,4.971000195,551,31.6,78.5,78,67.1496373,,87.37313,9.28123,,,64.55083378,54.4535071,109.7625245,39.59999847,,0.4073,20.5,51.09999847,0.201342282,20.20000076,5.00216,,-3.171018601,9.106682123,22.20000076,,22.27142143,,2.667029557,5.94,2.153846,1.8,,,0.462599993,45.65999985,,,25.2315866,7.330942154,,0.14,,2.5,0.23,0.131189808,86.86,68.11,100,76,12.57,27.77777778,7.087027551,0.831816927,31,3.148153539,12.4,65,3.519441512,41.92023265,47.9,32.209,12.25901031,
ZMB,894,Zambia,134,38.40,130,31.49,Africa,Eastern Africa,Africa,64.43000031,,2.755399942,0.83305257,8.9,40,47.79999924,6.3,145,50,224,21.4,0.173,,5.129000187,406,24.7,64,85,64.04963723,,91.39559,13.5,,,36.32107023,80.21978022,86.95107366,12.69999981,,1.5,43.90000153,65.40000153,0.255639098,22.06255913,17.16012,,-3.123845355,9.58545608,40.59999847,,10.65829086,,3.58109939,17.34,2.310606,0.7,,,0.340330005,57.49000168,,,36.1664291,11.77825546,,0.55,,4.2,0.2,0.21244964,,,,,,23.25581395,4.256580575,0.879240491,38,3.986408085,10.7,119,4.549865484,36.41980765,14,18.397,6.716629982,
MLI,466,Mali,135,38.22,131,30.95,Africa,Western Africa,Africa,49.25,,1.550699949,0.796580389,6.8,38.5,5,15.3,172,49,587,37.8,0.083,,3.994999886,58,25.6,114.6999969,77,47.13697999,,64.40381,8.42596,,,70.89618456,54.90193934,61.91646263,8.800000191,,4.322,24.70000076,77,,25.60000038,5,,-5.556373631,4.26123852,21.39999962,,8.487168312,,3.209747326,7,2.202778,1.8,,,0.661419988,33.02000046,,,36.6767722,35.93209076,,0.65,,0,0.16,0.079956375,,,,,,29.41176471,8.802672919,0.980521793,35,3.56162129,7.5,36,3.748549763,71.30584368,80.8,21.054,12.6102829,
GMB,270,"Gambia, The",136,37.77,128,33.38,Africa,Western Africa,Africa,45.29000092,,0.744700015,0.858344004,10.9,24.5,5.300000191,11.5,88,53,706,29.9,0.107,,,174,29.4,68.90000153,96,69.43474,,68.68975,8.76932,,,75.02356268,54.76839237,91.09947262,9.399999619,,1.131,58.90000153,90.19999695,,34.52679825,9.01643,,-7.163097036,,19.20000076,,30.13380241,,3.89344098,15.56,2,1.2,,,0.133090004,47.27999878,,,52.351391,34.79641342,,0.53,,0.4,0.21,0.241098419,77.07,62.42,0,66,,0,13.49823416,0.981497614,28,4.14073315,10.2,56,4.146763754,,52.5,18.54,10.16768837,
YEM,887,"Yemen, Rep.",137,37.31,138,24.61,Asia,Western Asia,MENA,,,0.962700009,0.78143336,17.2,46.5,26.10000038,16.3,67,55,385,22.1,0.197,,4.077000141,48,21.5,41.90000153,75,87.41462,,,9.15499,,,57.32217573,34.3832021,14.90313,0,,168.6,53.29999924,54.90000153,2.811764706,48.40671158,66.76764,,-15.24029175,4.896862488,22.70000076,,15.94210815,,,22.55,1.87407,0.2,,,,37.68999863,,,,36.19237137,,,,0.48795,0.04,0.919967592,83.5,57.87,27.27272727,69,11.19,28.57142857,0,0.882363314,18,,4.8,55,,58.44388963,17.1,23.9,,
SLE,694,Sierra Leone,138,36.92,133,28.40,Africa,Western Africa,Africa,52.33000183,,1.720800042,,7.6,37.9,22.29999924,9.4,125,39,1360,34.9,0.022,,4.506999969,310,27.3,120.4000015,78,62.71661,,,8.5733775,,,65.67505721,54.13533835,,12.39999962,,0.1326,13.30000019,62.59999847,,14.19999981,5,,-4.711665147,0.401917039,37.40000153,,3.426855326,,2.376931981,2.1,2.5,,,,0,35.34999847,,,11.4889388,23.9172802,,0.45,,0,0.19,0.152044162,64.67,62.23,50,76,3.19,70,8.872068458,0.914771172,29,3.176720459,1.9,52,3.314653655,55.40254828,78,13.283,14.72711945,
AFG,4,Afghanistan,139,36.50,142,20.19,Asia,Southern Asia,Europe & C. Asia,,,2.02060008,,2.9,40.9,26.79999924,9.5,51.9,50,396,35.5,0.266,,3.575000048,189,15.5,91.09999847,66,46.99005082,,,9.27439,,,57.50915751,22.61208577,,27.70000076,,31.04,31.89999962,55.29999924,,43,14.86678,,-3.583961063,0.802081543,10.30000019,,9.58131218,,,6.39,1.818951,,,,0,27.81999969,,,31.2483802,21.69849205,,,,0,0.12,0.425262094,,,,,,6.25,0.862703096,0.835789313,11,,6.5,76,,33.71611619,37.4,24.394,,
MDG,450,Madagascar,140,36.23,141,20.56,Africa,Eastern Africa,Africa,81.76000214,,2.437299967,0.701958887,5.4,49.2,33,0,148,55,353,19.7,0.161,,3.680999994,235,28.4,49.59999847,64,64.94024867,,77.07133,10.34581,,,42.80155642,107.6965625,94.20290176,20.5,,4.896,12,51.5,,15.39999962,5,,-6.829774793,2.049520965,22.89999962,,2.174271345,,2.641179203,3.7,2.147727,3.1,,,0.105669998,44.11000061,,,15.8939026,6.195019245,,0.8,,0.53125,0.12,0.112992808,80.29,64.44,10,55,4.17,33.91304348,11.5014563,0.797089761,28,2.762166851,11.1,87,3.068350083,45.76448917,83,10.885,7.082229137,
NGA,566,Nigeria,141,36.06,148,10.69,Africa,Western Africa,Africa,53.47000122,,1.593699932,0.778133654,11,32.9,7,7.9,122,47,814,34.3,0.408,,5.268000126,322,20.5,108.8000031,51,66.38354494,,63.90199,8.98858,,,71.46788991,68.78341095,,5.599999905,,4.581,29,68.5,2.103448276,55.59999847,25.64219,,-2.739045381,16.05420375,24.70000076,,5.757414818,,2.448035974,42.68,2.559328,10.1,,,0.218960002,48.83000183,,,3.4815632,29.51372528,,0.56,,1.08171624,0.08,0.53749758,69.77,44.25,,46,19.67,66.66666667,4.375789829,0.8741472,26,3.020569217,20,32,3.813756264,60.60121738,29.8,11.047,,
GIN,324,Guinea,142,35.93,139,22.35,Africa,Western Africa,Africa,35.27000046,,1.542699933,0.806379894,6.8,31.3,16.39999962,9.9,146,50,679,31.3,0.1,,3.655999899,177,27.3,93.69999695,51,31.40641688,,75.12078,8.70075,,,85.80460635,36.82623335,81.56288377,21.89999962,,0.2448,20.10000038,76.80000305,,26.20000076,5,,-7.217699519,1.619646049,28.29999924,,1.765491366,,2.095327016,1.72,2.097318,0,,,0,39.34999847,,,36.9135317,27.02497292,,,,0.751111111,0.07,0.229423419,71.6,70.38,60,64,5.9,56,5.922141027,0.895937525,25,2.766527923,8.9,25,2.624779191,49.95302539,57.9,19.847,7.165635109,
BFA,854,Burkina Faso,143,35.63,137,25.53,Africa,Western Africa,Africa,55.29000092,,1.225800037,0.830449751,6.3,32.9,20.70000076,10.9,130,51,371,26.7,0.047,,3.586999893,54,30,88.59999847,88,39.25778015,,,7.77041,,,60.67179846,51.67891864,,9.399999619,,6.059,19.70000076,82.30000305,,13.10000038,8.08628,,-4.068344084,2.656473615,39.20000076,,2.910814762,,,9.4,2.348214,9,,,0.200560004,39.79000092,,,26.6105584,29.22883034,,0.51,,0.025,0.13,0.119980559,,,,,,60,99.33771347,0.987614043,38,,8,28,,56.52626954,76.9,23.925,10.03487492,
HTI,332,Haiti,144,34.40,134,28.31,LAC,Caribbean,LAC,53.90999985,,1.144000053,,11.9,21.9,53.40000153,5.2,66,52,359,25.4,,,4.518000126,200,,69,48,72.34671832,,77.2,8.67,,,52.51736111,75.53890259,85.61353943,4.199999809,,10.33,27.60000038,57.70000076,2,37.90000153,9.14997,,-4.645788024,,24.39999962,,6.943852425,,2.150333055,11.4,1.998047,0,,,0,59.20999908,,,13.3082495,13.35166645,,1,,0,0.09,0.217962041,74.13,46.5,0,1,0.02,0,3.853095993,0.724139593,17,2.648886654,10.2,96,2.5688557,49.34561788,79.7,20.81,,
TCD,148,Chad,145,31.79,140,22.17,Africa,Middle Africa,Africa,38.43000031,,0.940999985,,8.1,38.7,34.40000153,15.7,203.4,44,856,39.3,0.037,,3.667000055,159,24.1,138.6999969,46,48.92033,,85.94692,7.39976,,,90.19920319,33.94996034,,14.89999962,,1.925,12.10000038,50.79999924,,6.400000095,11.78475,,-3.846518014,0.934650958,26.10000038,,5.575796604,,2.432494932,2.5,2.333333,0,,,0,39.77999878,,,24.8374902,30.70660782,,0.5,,0,0.16,0.043830425,,,,,,50,5.139602038,0.919226872,22,2.796261118,7.3,41,2.933914275,46.72214414,15.7,20.809,5.814735889,
NER,562,Niger,146,31.42,146,16.99,Africa,Western Africa,Africa,50.34000015,,0.43599999,0.933845036,4.3,43,9.5,18.7,206,51,553,26.8,0.019,,3.845000029,98,26.4,95.5,68,23.52377795,,,5.42265,,,70.38358608,40.68627451,,13.30000019,,2.889,10.89999962,58.20000076,4.75,14.39999962,5,,-4.465667628,1.292284533,30.5,,2.770904303,,,1.95,2.079882,,,,0,34.54999924,,,41.3462303,38.11638641,,0.49,,0,0.41,0.083958179,,,,,,40,63.81602985,0.937392583,34,,4.7,42,,83.33085758,63.9,25.206,10.98541164,
COD,180,"Congo, Dem. Rep.",147,31.29,145,17.48,Africa,Middle Africa,Africa,77.18000031,,0.762799978,0.900407177,4.4,42.6,,8.1,138,44,693,30.1,0.107,,4.517000198,325,33.2,98.30000305,77,65.77652815,,,9.75,,,82.89652495,57.75193798,,8.899999619,,0.0533,28.70000076,52.40000153,0.302325581,16.39999962,7.04098,,-3.220473195,1.143968098,38.40000153,,3.826145887,,,3,1.834573,,,,0.13019,44.43000031,,,16.9924778,18.0825119,,0.5,,0,0.07,0.050302688,67.27,52.66,,30,,11.76470588,4.004038535,0.892812381,22,,28.3,33,,42.85749965,27.8,15.779,5.23999691,
LBR,430,Liberia,148,30.49,147,12.05,Africa,Western Africa,Africa,68.63999939,,1.077300072,,6.6,32.1,31.89999962,5.6,147,52,725,24.1,0.014,,4.571000099,308,33.7,69.90000153,50,49.0741093,,37.68992,9.5,,,62.34177215,43.91080617,90.12157521,11,,0.0564,16.89999962,75.59999847,,9.800000191,5,,-5.3070226,1.78355279,20.79999924,,4.151667595,,3.040540457,5.41,2.571429,,,,0,38.15999985,,,4.2521689,22.72179413,,,,0,0.28,0.218425006,68.63,66.94,0,53,14.45,0,7.581245515,0.879181646,37,3.904567143,3.2,46,4.400000095,47.92847779,3.6,28.118,12.8467598,
CAF,140,Central African Republic,149,26.10,149,3.39,Africa,Middle Africa,Africa,66.26999664,,1.649199963,,5.1,40.7,47.70000076,7.4,229,44,882,42.6,0.048,,3.677999973,375,32.4,130.1000061,47,36.35626981,,,7.24332,,,73.19347319,48.36156218,,12.5,,0.0514,21.79999924,68.5,,10.80000019,5,,-15.31394579,1.079971532,28.5,,7.628675938,,,4.03,2.497619,,,,0,56.29999924,,,3.9562101,19.33297729,,0.5,,0,0.34,0.063127816,,,,,,62.5,1.161878989,0.943575812,24,,11.8,19,,59.59521052,61,8.364,5.14615202,